access_state,access_city,year_access,count_physician
PR,COLOMBO,2021,559
RS,CANELA,2022,266
RS,RONDA ALTA,2024,13
MS,PONTAL,2023,11
RN,VERA CRUZ,2022,11
ES,BOM JESUS DO NORTE,2021,28
MG,SAO DOMINGOS DAS DORES,2023,22
RS,SALTO DO JACUI,2023,12
RS,CAPIVARI DO SUL,2024,4
PB,JUNCO DO SERIDO,2023,36
MG,CARLOS CHAGAS,2021,32
MG,ARACITABA,2023,6
RS,GUAIBA,2023,322
MG,UBERABA,2024,1191
SP,MAIRIPORA,2023,236
RS,FREDERICO WESTPHALEN,2022,103
BA,ABAIRA,2022,30
BA,CANAPOLIS,2021,13
MG,CANDEIAS,2023,53
MG,SANTA RITA DE MINAS,2021,30
PR,TIJUCAS DO SUL,2021,11
AM,SAO PAULO,2021,26
MA,DAVINOPOLIS,2021,10
SP,COTIA,2022,830
MG,RIBEIRAO DAS NEVES,2022,988
RJ,PINHEIRAL,2021,44
CE,ALTO SANTO,2022,27
MG,ANDRELANDIA,2021,34
RJ,SAO FRANCISCO DE ITABAPOANA,2024,50
SP,SERTAOZINHO,2021,525
RJ,MAGE,2021,533
RS,TRES PALMEIRAS,2023,8
PR,CONTENDA,2023,34
SC,VARGEM BONITA,2023,6
RS,ESTEIO,2024,142
RS,CORONEL BARROS,2024,12
ES,JOAO NEIVA,2023,41
BA,SANTA LUZIA,2023,2
PR,QUATRO BARRAS,2022,57
MG,SETUBINHA,2023,5
MG,SANTA LUZIA,2023,849
MG,CARMO DO RIO CLARO,2022,34
RS,ALEGRETE,2022,65
PR,PAICANDU,2023,117
PR,TUNAS DO PARANA,2023,29
MG,VARZEA DA PALMA,2024,63
SC,HERVAL DOESTE,2022,44
MG,CARLOS CHAGAS,2023,17
ES,IBATIBA,2022,27
RS,PASSO DO SOBRADO,2023,6
ES,SANTA TERESA,2024,99
MG,OLIVEIRA,2022,303
BA,QUEIMADAS,2022,24
SC,MASSARANDUBA,2021,33
RS,HULHA NEGRA,2024,9
MG,SAO DOMINGOS DAS DORES,2021,21
MG,MATIAS BARBOSA,2023,28
SP,GUATAPARA,2024,9
RS,FORMIGUEIRO,2022,4
SP,TABOAO DA SERRA,2021,1126
SP,GUARULHOS,2022,3526
SP,POA,2024,307
MG,CARATINGA,2023,175
RS,FARROUPILHA,2022,172
SP,ITAQUAQUECETUBA,2023,630
RJ,ITABORAI,2021,559
RS,PALMITINHO,2022,15
MG,BOM JESUS DA PENHA,2024,13
MG,CATUJI,2024,4
MG,VARGEM BONITA,2021,36
RS,AUGUSTO PESTANA,2024,10
MG,PASSA VINTE,2021,5
MG,ITAMBACURI,2023,64
PB,BELEM,2023,64
PB,REMIGIO,2023,65
RJ,GUAPIMIRIM,2023,122
RJ,PIRAI,2023,83
MG,ITAOBIM,2024,37
ES,IBATIBA,2023,58
RJ,QUATIS,2022,37
PB,JUAZEIRINHO,2024,90
SP,FRANCO DA ROCHA,2023,189
RJ,SAO JOAO DA BARRA,2022,72
SC,PASSO DE TORRES,2023,26
RS,SAO MARCOS,2022,36
MG,SANTA BARBARA DO LESTE,2024,15
MG,SAO FRANCISCO DE PAULA,2022,16
RJ,VOLTA REDONDA,2024,981
MG,PASSOS,2021,169
MG,OLIVEIRA,2024,170
ES,ALEGRE,2023,95
RJ,PIRAI,2022,77
RS,RIO PARDO,2022,68
CE,PEREIRO,2021,63
CE,JAGUARETAMA,2021,142
MG,SAO DOMINGOS DAS DORES,2022,46
MG,BOM JESUS DO GALHO,2024,60
RN,CARAUBAS,2022,25
AL,BARRA DE SAO MIGUEL,2021,46
SP,SALESOPOLIS,2022,6
MG,UBERLANDIA,2024,2910
MA,SANTA LUZIA,2023,94
RS,RESTINGA SECA,2024,60
RJ,SEROPEDICA,2021,116
PR,SAO JOSE DOS PINHAIS,2021,1121
MG,PEDRO LEOPOLDO,2022,179
RS,FAXINAL DO SOTURNO,2023,27
RS,SANTANA DO LIVRAMENTO,2022,35
PR,FLORESTA,2022,55
PR,RIO BRANCO DO SUL,2021,98
MG,ITAIPE,2022,17
MG,RAPOSOS,2024,21
SP,GALIA,2022,24
PA,BRASILIA,2022,3
MG,INHAPIM,2022,33
TO,ALVORADA,2022,36
MG,OLIVEIRA FORTES,2024,8
SP,QUINTANA,2023,6
SP,BATATAIS,2024,46
RS,CRUZ ALTA,2021,96
SC,TURVO,2023,44
RS,ESPUMOSO,2024,55
MG,CARAI,2022,12
MG,INDIANOPOLIS,2022,69
BA,ABAIRA,2021,36
MG,ESMERALDAS,2023,124
MG,CLARAVAL,2023,13
PE,CACHOEIRINHA,2023,13
SP,SALESOPOLIS,2024,20
RS,PROTASIO ALVES,2023,8
PR,ITAMBE,2023,5
SP,RIBEIRAO PRETO,2024,3844
MG,PASSOS,2023,293
MG,INHAPIM,2023,31
SP,RIO CLARO,2024,333
SP,CAJAMAR,2024,220
GO,IPAMERI,2024,68
MG,CONFINS,2021,35
MG,BOM JESUS DO GALHO,2021,23
PR,CATANDUVAS,2024,18
RS,RODEIO BONITO,2023,29
GO,GOIANDIRA,2024,21
PR,FAZENDA RIO GRANDE,2024,314
MG,IBIRACI,2023,52
RS,ELDORADO DO SUL,2024,67
PB,BELEM,2024,39
RS,AGUDO,2022,38
SP,ITAPECERICA DA SERRA,2023,253
ES,IRUPI,2024,49
CE,ALVORADA,2021,97
ES,APIACA,2021,6
MG,ENTRE FOLHAS,2022,7
MG,CAMPINA VERDE,2024,44
SC,CELSO RAMOS,2022,10
ES,MUNIZ FREIRE,2023,32
BA,MATA,2021,4
RJ,BOA VISTA,2023,1
MG,FRANCISCOPOLIS,2021,11
BA,MADRE DE DEUS,2023,22
MG,PRATA,2022,59
RS,CACHOEIRINHA,2023,326
RS,VIAMAO,2021,583
PR,BALSA NOVA,2024,11
PA,SANTA BARBARA DO PARA,2022,96
PR,PAICANDU,2021,31
MG,VARZEA DA PALMA,2022,36
MG,SAO FELIX DE MINAS,2024,22
SP,CACHOEIRINHA,2024,19
PB,FAGUNDES,2022,10
AM,MANAUS,2022,3742
AM,MANAUS,2021,3592
RS,VALE VERDE,2023,22
RS,VERANOPOLIS,2024,70
SP,DIADEMA,2022,867
RS,COXILHA,2021,33
SP,ARUJA,2021,475
MG,SAO SEBASTIAO DO ANTA,2021,10
MG,NOVA MODICA,2024,18
RS,ANTONIO PRADO,2024,21
SC,MASSARANDUBA,2022,38
DF,SANTA MARIA,2023,15
SP,MARILIA,2024,1597
RS,NOVA PRATA,2022,107
RJ,SAO JOAO DE MERITI,2022,1211
RR,BOA VISTA,2021,86
RS,CACHOEIRINHA,2022,608
ES,BREJETUBA,2024,46
RS,TAQUARUCU DO SUL,2023,7
RS,TAQUARUCU DO SUL,2021,18
PB,JUAZEIRINHO,2021,12
MG,MOEDA,2023,8
SP,PRADOPOLIS,2024,17
MG,PESCADOR,2021,4
MG,SARZEDO,2023,49
MG,VARGEM ALEGRE,2024,18
SC,SANTA ROSA DO SUL,2021,97
PA,ACARA,2023,65
SC,HERVAL DOESTE,2021,50
PR,MARIALVA,2023,52
MG,GUAPE,2021,18
MG,EWBANK DA CAMARA,2023,4
PB,PRATA,2021,5
MG,DELFINOPOLIS,2022,5
PE,ITAMBE,2021,40
SP,CAJAMAR,2023,169
SC,JABORA,2024,10
MG,BRUMADINHO,2021,460
RS,GARIBALDI,2021,115
PB,SERRA REDONDA,2021,2
RR,CACHOEIRINHA,2021,4
RS,SERTAO SANTANA,2023,9
RJ,CARDOSO MOREIRA,2023,14
MG,SACRAMENTO,2021,34
SC,DESCANSO,2022,3
GO,NOVA AURORA,2024,3
PR,NOVA ESPERANCA,2022,62
SP,SANTA ROSA DE VITERBO,2024,43
MG,IGARAPE,2023,72
MG,PASSOS,2022,315
RO,NOVA UNIAO,2022,31
MG,CARMOPOLIS DE MINAS,2023,75
PB,SANTA LUZIA,2023,37
PR,SARANDI,2021,152
RS,TUPANCIRETA,2021,22
CE,IRACEMA,2024,13
SC,CATANDUVAS,2021,16
RS,QUEVEDOS,2021,4
RS,MOSTARDAS,2022,17
RJ,MAUA,2023,2
SC,BARRA BONITA,2024,7
MA,DAVINOPOLIS,2023,33
PR,PINHAIS,2024,315
SP,PARAISO,2022,27
PR,LAPA,2022,136
MG,SAO JOAQUIM DE BICAS,2024,46
SC,SANTA ROSA DO SUL,2024,36
RS,TAPERA,2021,21
SP,VERA CRUZ,2024,33
MG,GUAPE,2024,14
CE,ALTO SANTO,2023,13
SP,GUARIBA,2022,27
MG,PASSOS,2024,273
RJ,ITATIAIA,2021,82
RS,NOVA ARACA,2023,24
RS,ALEGRETE,2023,77
MG,MATIAS BARBOSA,2022,32
MG,CAMPO FLORIDO,2022,18
SP,VARGEM,2022,34
PR,BOCAIUVA DO SUL,2024,19
AM,PRESIDENTE FIGUEIREDO,2022,53
RS,SAO PEDRO DO SUL,2022,28
PR,MARINGA,2024,2289
RS,VERANOPOLIS,2022,135
MG,MATEUS LEME,2024,135
ES,VENDA NOVA DO IMIGRANTE,2022,83
RS,IBIRUBA,2022,84
MG,CARATINGA,2024,181
RJ,PARACAMBI,2023,56
RJ,SAO JOAO DE MERITI,2024,410
RS,SERTAO,2021,13
SP,SANTANA DE PARNAIBA,2024,576
ES,IRUPI,2021,13
PB,INGA,2023,7
SP,BELO HORIZONTE,2023,43
SP,ECHAPORA,2021,17
SC,CAPINZAL,2021,387
MG,TEOFILO OTONI,2022,182
BA,POJUCA,2024,26
BA,TERRA NOVA,2022,17
ES,CONCEICAO DO CASTELO,2022,12
PR,MANDIRITUBA,2023,25
RS,MANOEL VIANA,2021,4
MA,ALTO ALEGRE,2021,8
RJ,PARAISO,2024,2
PA,SANTO ANTONIO DO TAUA,2024,2
ES,CONCEICAO DO CASTELO,2023,11
RJ,MARICA,2024,287
PR,TURVO,2021,11
SP,GALIA,2023,30
RS,JAGUARI,2023,18
RJ,MENDES,2024,90
SP,SALESOPOLIS,2023,37
PB,RIACHO DE SANTO ANTONIO,2022,25
PR,CERRO AZUL,2024,23
SC,JACINTO MACHADO,2024,29
RJ,PARACAMBI,2022,49
PR,OURIZONA,2023,18
ES,SANTA MARIA,2021,8
PB,CATURITE,2021,2
ES,IRUPI,2023,28
SP,PONTAL,2022,60
SP,JANDIRA,2023,238
RS,PALMARES DO SUL,2023,13
PB,CARAUBAS,2023,9
GO,IPAMERI,2021,44
MG,BONFIM,2022,8
RJ,BARRA MANSA,2021,846
PR,FAZENDA RIO GRANDE,2022,462
BA,CATU,2022,49
SP,PONTAL,2024,43
RS,PINHEIRO MACHADO,2022,64
BA,SANTO AMARO,2022,99
RJ,ITALVA,2024,38
RS,PANTANO GRANDE,2023,11
MG,CARMOPOLIS DE MINAS,2024,64
SP,ALVINLANDIA,2022,14
SP,ARUJA,2022,172
MG,PIRACEMA,2022,35
RS,CANDELARIA,2023,63
PR,TURVO,2022,14
SP,SANTA ISABEL,2022,70
MG,RIO PRETO,2021,11
RS,SANTA CRUZ DO SUL,2023,429
MA,SANTA LUZIA,2024,75
SP,SANTO ANDRE,2023,2904
PA,ANANINDEUA,2021,1768
MG,SAO JOAO BATISTA DO GLORIA,2021,16
PR,BOCAIUVA DO SUL,2022,41
PR,SANTA HELENA,2024,47
RS,BAGE,2022,77
BA,SANTO AMARO,2021,79
BA,SIMOES FILHO,2021,219
RS,SAO FRANCISCO DE PAULA,2022,46
CE,PALHANO,2024,12
MG,VARGEM BONITA,2022,12
MG,UBERLANDIA,2022,2414
MG,SAO JOSE DO DIVINO,2024,9
PR,SANTA FE,2022,74
MG,MALACACHETA,2024,68
MG,MALACACHETA,2023,28
MG,PESCADOR,2023,16
MG,SAO FELIX DE MINAS,2022,15
SC,MARACAJA,2022,9
CE,JAGUARIBARA,2024,10
RS,AGUDO,2021,41
PE,FLORESTA,2022,95
RS,CRUZ ALTA,2024,190
SP,SUZANO,2021,975
SP,BARUERI,2023,1474
MG,LIMA DUARTE,2023,110
PB,SAO DOMINGOS DO CARIRI,2022,9
PR,SARANDI,2022,359
SP,DUMONT,2023,30
PR,MANDAGUARI,2021,84
RJ,BARRA DO PIRAI,2021,309
RS,IRAI,2022,10
MG,ESMERALDAS,2024,75
SP,JUQUITIBA,2021,29
AM,NOVA OLINDA DO NORTE,2024,24
RS,MOSTARDAS,2023,27
MG,CANDEIAS,2022,18
RJ,RIO DE JANEIRO,2024,30632
RJ,RESENDE,2023,221
SP,CRAVINHOS,2023,125
RS,ERVAL SECO,2023,14
PB,JUAZEIRINHO,2023,105
PR,UNIFLOR,2023,14
PB,SAO VICENTE DO SERIDO,2024,28
MG,RIO NOVO,2024,11
MG,SAO JOSE DA BARRA,2024,43
RS,SAO FRANCISCO DE ASSIS,2021,18
RJ,ENGENHEIRO PAULO DE FRONTIN,2022,29
PA,BELEM,2023,4447
MG,BRUMADINHO,2023,57
GO,SAO SIMAO,2021,65
MG,SANTA RITA DE JACUTINGA,2021,10
DF,SANTA MARIA,2024,17
MG,CHACARA,2022,9
MG,LIBERDADE,2021,8
MG,CHIADOR,2021,5
PR,SANTA HELENA,2022,66
BA,SALVADOR,2024,10801
RS,PASSO FUNDO,2022,706
SP,MOGI DAS CRUZES,2024,1237
RJ,SAO GONCALO,2021,2136
RS,BARRA DO RIBEIRO,2024,19
RS,SANTA MARIA,2021,771
SC,CATANDUVAS,2022,17
PR,CERRO AZUL,2022,19
RJ,PORTO REAL,2021,51
RS,ANDRE DA ROCHA,2024,10
MG,PRATAPOLIS,2022,19
MG,VERMELHO NOVO,2023,4
RS,PORTO ALEGRE,2023,8855
RS,CANELA,2021,238
RS,GRAVATAI,2021,799
ES,ARACRUZ,2024,240
RS,GUAIBA,2024,260
PR,ALMIRANTE TAMANDARE,2021,125
SP,PITANGUEIRAS,2023,55
PB,ITATUBA,2023,8
BA,MALHADA DE PEDRAS,2023,9
MG,NOVO ORIENTE DE MINAS,2023,14
PB,TENORIO,2021,25
SP,GARCA,2024,22
PR,INDIANOPOLIS,2021,11
PB,MASSARANDUBA,2022,19
MG,BONFIM,2021,6
RJ,RIO DE JANEIRO,2023,25837
MG,CONTAGEM,2023,1756
PR,NOVA ESPERANCA,2024,47
SP,COTIA,2021,1194
RJ,MANGARATIBA,2024,69
MG,CRUCILANDIA,2023,93
RS,PASSO DO SOBRADO,2021,11
PR,MUNHOZ DE MELO,2022,20
PR,CAMPO DO TENENTE,2024,23
ES,JOAO NEIVA,2022,63
MG,SANTA JULIANA,2024,2
MG,CAPETINGA,2023,21
SP,SANTA ISABEL,2021,43
RS,AMETISTA DO SUL,2022,21
MG,CLARAVAL,2022,4
PA,BELEM,2021,4568
MG,BRUMADINHO,2022,213
MG,CONTAGEM,2022,2783
SP,SANTA ROSA DE VITERBO,2022,42
PE,ITAMBE,2022,41
PR,MARIALVA,2021,71
RS,CACEQUI,2023,11
RS,RIO PARDO,2023,23
MG,RIO ACIMA,2022,37
MG,PIRAPORA,2023,125
SC,CATANDUVAS,2023,29
MG,CARLOS CHAGAS,2024,6
SC,SAO JOAO DO OESTE,2024,14
SP,SANTA ROSA DE VITERBO,2021,30
MG,NOVA BELEM,2022,6
MG,CRUCILANDIA,2021,80
AM,CAREIRO DA VARZEA,2022,35
SC,SAO JOSE DO CEDRO,2021,17
MG,ARAGUARI,2021,358
RS,COTIPORA,2023,32
MG,OLIVEIRA,2023,147
SP,GUATAPARA,2023,6
RS,JULIO DE CASTILHOS,2023,60
PB,OLIVEDOS,2023,6
CE,IRACEMA,2023,4
RS,SAO MARCOS,2021,25
PB,SOLEDADE,2023,56
SP,GUAIMBE,2024,5
RJ,BELFORD ROXO,2022,1268
MG,SAO JOSE DA LAPA,2024,70
RJ,BARRA MANSA,2023,376
RS,CANELA,2023,215
RS,NOVA ROMA DO SUL,2022,27
RS,CATUIPE,2023,37
MG,PRATAPOLIS,2021,12
SC,JACINTO MACHADO,2023,15
MG,CRUCILANDIA,2022,47
SC,MELEIRO,2023,16
RS,SAO FRANCISCO DE PAULA,2024,30
ES,IBITIRAMA,2021,6
PB,ASSUNCAO,2021,16
RS,CAMPOS BORGES,2022,47
RS,PROTASIO ALVES,2021,28
SP,MAUA,2023,723
SP,SUZANO,2023,648
RS,TUPANCIRETA,2024,33
PB,JUAZEIRINHO,2022,38
BA,SAO FRANCISCO DO CONDE,2022,61
SC,CAMPOS NOVOS,2021,88
MG,PEDRO LEOPOLDO,2021,575
RS,SARANDI,2021,48
BA,PARAMIRIM,2023,38
SP,CAJURU,2021,91
PA,COLARES,2021,55
RS,GARIBALDI,2024,115
PR,ALMIRANTE TAMANDARE,2024,168
PR,MUNHOZ DE MELO,2024,16
RS,SAO VICENTE DO SUL,2021,11
SP,BIRITIBA MIRIM,2023,38
PE,CANDEIAS,2021,40
SP,VARGEM GRANDE PAULISTA,2024,157
SC,MASSARANDUBA,2024,12
ES,LARANJA DA TERRA,2021,5
MG,LAGOA SANTA,2024,335
MG,ALPINOPOLIS,2023,29
RJ,BARRA DO PIRAI,2023,199
SC,TURVO,2024,54
RS,SAPUCAIA DO SUL,2022,481
RJ,JAPERI,2023,31
RS,MONTAURI,2022,12
MG,JABOTICATUBAS,2023,25
RS,LIBERATO SALZANO,2021,6
PB,AREIA,2023,35
GO,SAO SIMAO,2024,76
PR,ASTORGA,2022,52
RS,SOLEDADE,2021,129
SC,PRAIA GRANDE,2022,8
SP,PRAIA GRANDE,2021,1071
MG,CAETE,2024,38
MG,BETIM,2024,717
RJ,ITABORAI,2023,277
RS,VIAMAO,2022,670
MG,PIRAPORA,2022,91
MG,TEOFILO OTONI,2021,167
RS,TAPERA,2022,39
MG,BIAS FORTES,2023,6
PB,BARRA DE SAO MIGUEL,2021,2
MG,SARZEDO,2022,155
CE,ERERE,2024,5
MG,NOVO ORIENTE DE MINAS,2022,19
TO,ALVORADA,2023,9
CE,IRACEMA,2022,17
RJ,RIO CLARO,2023,30
RJ,ITATIAIA,2022,92
MG,LAGOA SANTA,2022,269
ES,ITARANA,2021,8
CE,MORADA NOVA,2022,95
PR,SANTA FE,2021,133
MG,NOVA PONTE,2022,131
RS,ESPUMOSO,2023,66
MG,PESCADOR,2022,7
RS,JULIO DE CASTILHOS,2021,40
RS,SAO PEDRO DO SUL,2023,29
ES,IBIRACU,2021,8
AL,BELEM,2023,8
RS,CARAA,2021,4
RS,IJUI,2024,263
RS,SERAFINA CORREA,2024,74
MG,CARATINGA,2021,374
ES,SANTA LEOPOLDINA,2024,7
BA,LAURO DE FREITAS,2023,1172
PR,CAMPINA GRANDE DO SUL,2022,115
RJ,MARICA,2021,487
SP,PITANGUEIRAS,2021,136
SP,PRADOPOLIS,2023,34
SP,GUAIMBE,2021,15
RS,GUABIJU,2022,6
MG,PEDRO LEOPOLDO,2023,161
MG,ITAIPE,2024,28
ES,DOMINGOS MARTINS,2024,81
SP,PRAIA GRANDE,2024,901
RS,SANTO ANTONIO DA PATRULHA,2023,104
ES,MUNIZ FREIRE,2022,76
MA,SANTA LUZIA,2022,46
RN,CARAUBAS,2023,18
SC,LUZERNA,2022,15
BA,VERA CRUZ,2022,40
PB,CABACEIRAS,2022,11
PB,TAVARES,2024,42
CE,POTIRETAMA,2024,14
MG,ITAIPE,2023,20
SP,JANDIRA,2022,460
MG,MESQUITA,2022,4
PB,INGA,2021,23
PB,CAMPINA GRANDE,2024,852
CE,POTIRETAMA,2021,21
BA,VERA CRUZ,2023,73
ES,AFONSO CLAUDIO,2024,38
RJ,BARRA DO PIRAI,2024,172
SC,SAO MIGUEL DO OESTE,2022,111
PA,COLARES,2023,18
BA,SAO FRANCISCO DO CONDE,2023,70
SP,ALTINOPOLIS,2022,65
RS,SANTA BARBARA DO SUL,2023,3
RJ,NILOPOLIS,2022,468
ES,BREJETUBA,2022,46
PE,GOIANA,2021,690
RS,ESTEIO,2023,200
RS,TAPERA,2024,9
PR,AGUDOS DO SUL,2021,17
PB,LAGOA SECA,2023,16
PB,BELEM,2022,52
BA,SAO FRANCISCO DO CONDE,2024,49
RJ,MANGARATIBA,2023,89
PE,SAO PAULO,2023,6
RR,SANTA MARIA,2021,8
SP,MOGI DAS CRUZES,2022,1637
RS,QUARAI,2024,19
PB,ESPERANCA,2022,69
RS,SEBERI,2022,18
RS,CAMPOS BORGES,2024,19
PR,QUITANDINHA,2024,26
SC,SAO JOSE DO CEDRO,2024,16
MG,JABOTICATUBAS,2021,133
MG,ARANTINA,2022,24
SP,BIRITIBA MIRIM,2021,33
RN,ALTO ALEGRE,2022,5
RS,BARAO,2021,59
MG,CORREGO NOVO,2024,20
PR,MARINGA,2022,2718
PR,CAMPO LARGO,2023,276
BA,BRUMADO,2021,107
RS,PALMARES DO SUL,2021,14
MG,NOVA PONTE,2023,115
SC,DESCANSO,2023,35
PR,ATALAIA,2024,13
RS,FARROUPILHA,2024,151
RJ,PORTO REAL,2022,56
MG,MATEUS LEME,2023,83
RS,BOA VISTA DAS MISSOES,2022,12
RJ,CARDOSO MOREIRA,2024,18
RJ,PORTO REAL,2023,76
PR,PITANGUEIRAS,2023,6
SC,GUARACIABA,2023,9
GO,OUVIDOR,2023,8
SP,SANTO ANDRE,2022,3588
RS,CANDELARIA,2021,39
BA,LAURO DE FREITAS,2021,861
RJ,SEROPEDICA,2022,200
SP,POMPEIA,2021,39
MG,INDIANOPOLIS,2024,7
PR,RIO NEGRO,2023,64
SC,TREZE TILIAS,2024,31
MG,GUARACIABA,2024,29
RS,COTIPORA,2024,20
RJ,ITALVA,2022,54
RR,ALTO ALEGRE,2022,13
PB,SAO DOMINGOS DO CARIRI,2023,8
RS,TAPERA,2023,17
RS,IVORA,2021,3
RS,GARIBALDI,2023,137
SP,BATATAIS,2022,224
RS,ENCRUZILHADA DO SUL,2022,43
MG,CONCEICAO DAS ALAGOAS,2022,132
SC,CELSO RAMOS,2024,3
SP,SERRANA,2021,111
SP,GETULINA,2021,19
PB,CUBATI,2023,23
RS,NOVA ROMA DO SUL,2021,3
PB,MATINHAS,2023,4
GO,NOVA AURORA,2021,3
MG,NOVA LIMA,2021,1775
PR,DOUTOR CAMARGO,2024,25
PR,RIO NEGRO,2024,135
RJ,RESENDE,2021,329
SP,VARGEM,2024,23
RJ,TANGUA,2023,52
CE,QUIXERE,2024,34
RS,HULHA NEGRA,2023,18
MA,BRASILIA,2024,21
PR,DOUTOR CAMARGO,2021,18
MG,BELO HORIZONTE,2024,17442
SP,LUPERCIO,2023,23
PR,COLOMBO,2024,327
MG,SACRAMENTO,2023,25
SP,MOGI DAS CRUZES,2023,1028
RJ,QUEIMADOS,2022,216
RS,ROSARIO DO SUL,2021,38
PB,SANTO ANDRE,2023,1
MG,RAPOSOS,2021,696
RJ,ITALVA,2023,46
SP,JARDINOPOLIS,2022,192
RS,SAO MARCOS,2024,71
SP,BIRITIBA MIRIM,2022,43
RS,PINHEIRINHO DO VALE,2021,3
ES,MUNIZ FREIRE,2021,50
BA,RIO DO PIRES,2024,18
ES,RIO BANANAL,2023,45
PR,ITAPERUCU,2023,32
BA,CATURAMA,2024,20
BA,ARACATU,2022,13
MG,RIO NOVO,2022,10
PB,SAO SEBASTIAO DE LAGOA DE ROCA,2021,4
RJ,NITEROI,2024,2264
RJ,PIRAI,2024,102
SC,SANTA ROSA DO SUL,2023,43
PR,SANTA FE,2023,67
GO,SAO SIMAO,2022,122
RS,SERAFINA CORREA,2022,85
RS,FELIZ,2024,97
PR,CONTENDA,2021,37
RJ,SAO FRANCISCO DE ITABAPOANA,2022,43
ES,ALEGRE,2021,71
BA,ARACATU,2021,13
TO,CACHOEIRINHA,2024,5
AM,ITAPIRANGA,2022,29
MG,CAMPINA VERDE,2021,83
MG,MONTE ALEGRE DE MINAS,2023,32
ES,ANCHIETA,2022,73
PR,QUITANDINHA,2022,122
PR,SAO JORGE DO IVAI,2022,11
PB,QUEIMADAS,2022,38
RS,GRAMADO XAVIER,2024,10
SP,ITAQUAQUECETUBA,2024,391
MG,RIBEIRAO DAS NEVES,2021,1317
BA,ABAIRA,2023,17
BA,PARAMIRIM,2021,33
MG,IBIRITE,2022,219
PA,CONCORDIA DO PARA,2023,12
MG,ARAPORA,2023,73
SC,SAO JOSE DO CEDRO,2023,14
SC,AGUA DOCE,2021,14
RS,ALVORADA,2023,440
SP,CRAVINHOS,2024,116
MG,VARGEM ALEGRE,2021,46
RS,SAO FRANCISCO DE ASSIS,2022,9
MG,DELFINOPOLIS,2024,38
SC,BALNEARIO ARROIO DO SILVA,2022,31
AM,CAREIRO,2022,90
RJ,MENDES,2022,34
BA,MALHADA DE PEDRAS,2021,11
RS,ARROIO DOS RATOS,2024,25
MG,CONQUISTA,2021,9
PA,ACARA,2024,14
RS,NOVA PALMA,2022,17
PR,DOUTOR ULYSSES,2021,2
MG,BELO HORIZONTE,2021,15311
RJ,CAMPOS DOS GOYTACAZES,2024,684
MG,ITAU DE MINAS,2024,27
CE,TABULEIRO DO NORTE,2023,17
MG,ESMERALDAS,2022,197
PA,SANTA BARBARA DO PARA,2024,34
RS,ENCRUZILHADA DO SUL,2023,29
PR,GRAMADO,2021,6
MG,ATALEIA,2022,23
PB,LAGOA SECA,2021,19
RS,NOVA RAMADA,2023,7
SP,RIBEIRAO PRETO,2022,3639
MG,SERRA DOS AIMORES,2024,23
RS,VERANOPOLIS,2021,255
MG,MARIO CAMPOS,2021,199
SP,JABOTICABAL,2023,285
RJ,SAQUAREMA,2023,132
RJ,RIO CLARO,2022,34
PR,RIO NEGRO,2021,95
SC,GUARUJA DO SUL,2021,9
AM,BORBA,2023,10
PR,IGUARACU,2023,13
ES,ARACRUZ,2022,263
RS,PASSO FUNDO,2024,716
MG,CARMOPOLIS DE MINAS,2021,81
SC,SAO MIGUEL DO OESTE,2021,116
MG,DELFINOPOLIS,2023,30
GO,IPAMERI,2023,57
MG,DELTA,2022,32
RS,PINHEIRINHO DO VALE,2024,7
ES,GUACUI,2021,38
SC,IPORA DO OESTE,2021,12
SC,OURO,2024,5
RS,ITAARA,2022,14
ES,RIO BANANAL,2021,38
PA,SANTO ANTONIO DO TAUA,2021,19
PR,MANDAGUACU,2024,23
PB,SAO PAULO,2022,1
SC,RIO NEGRO,2021,1
ES,DOMINGOS MARTINS,2023,441
PR,SAO JOSE DOS PINHAIS,2024,724
PB,CAMPINA GRANDE,2021,1679
CE,TABULEIRO DO NORTE,2024,104
SC,TURVO,2022,43
MG,RAUL SOARES,2021,55
BA,CANDEIAS,2022,102
SC,CAPINZAL,2023,113
RS,ROSARIO DO SUL,2024,69
RS,RESTINGA SECA,2021,34
SP,RIBEIRAO PIRES,2022,258
SP,CRAVINHOS,2022,152
SP,RIO GRANDE DA SERRA,2021,70
CE,JAGUARETAMA,2024,8
RJ,SAO FRANCISCO DE ITABAPOANA,2023,33
MG,ITAOBIM,2022,40
MG,CORONEL PACHECO,2022,5
SC,ERVAL VELHO,2022,4
ES,DORES DO RIO PRETO,2022,8
RS,URUGUAIANA,2024,114
SP,MAUA,2024,600
PB,BOQUEIRAO,2023,31
MG,ITAMBACURI,2022,41
MG,PIEDADE DE CARATINGA,2023,17
CE,RUSSAS,2021,177
SP,GUARIBA,2021,60
AM,IRANDUBA,2023,77
MS,RIO NEGRO,2024,3
MG,BOCAINA DE MINAS,2022,12
SP,PIRAPORA DO BOM JESUS,2024,22
MG,FRANCISCOPOLIS,2023,3
RS,MATA,2022,6
RS,RESTINGA SECA,2023,33
RS,VENANCIO AIRES,2022,273
ES,VENDA NOVA DO IMIGRANTE,2021,94
AM,AUTAZES,2024,41
PA,CONCORDIA DO PARA,2021,10
RS,BARRA DO RIBEIRO,2023,50
MG,PIEDADE DE CARATINGA,2021,16
MG,MONTE ALEGRE DE MINAS,2024,54
RS,TAQUARUCU DO SUL,2024,4
SP,ALTINOPOLIS,2023,9
RS,MONTE BELO DO SUL,2024,19
RS,GUAIBA,2021,296
BA,LAURO DE FREITAS,2022,718
PR,ITAMBE,2021,6
RJ,SAQUAREMA,2021,307
MG,IBIAI,2023,11
MG,SAO JOSE DA BARRA,2022,19
ES,ANCHIETA,2023,58
RS,FORMIGUEIRO,2023,4
SP,JARDINOPOLIS,2023,53
BA,RIO DE CONTAS,2023,14
ES,IRUPI,2022,21
PR,CAMPO MAGRO,2024,19
SC,IPORA DO OESTE,2024,8
MG,BELO HORIZONTE,2023,15453
RS,SERAFINA CORREA,2023,78
GO,CATALAO,2024,248
MG,BOM JARDIM DE MINAS,2021,96
SP,BATATAIS,2023,223
MG,VESPASIANO,2023,346
ES,DOMINGOS MARTINS,2022,98
SP,ITAPECERICA DA SERRA,2024,170
SP,BARRA BONITA,2024,143
MG,NOVA UNIAO,2024,21
RJ,PINHEIRAL,2024,50
BA,ITAMBE,2022,63
SC,GRAMADO,2022,4
RR,SAO PAULO,2022,13
SC,MELEIRO,2024,7
SP,DIADEMA,2021,1346
SP,GUARAREMA,2021,86
SP,GUARAREMA,2022,55
PR,INDIANOPOLIS,2022,11
SP,SERRANA,2022,267
SP,CAIEIRAS,2022,79
MG,ATALEIA,2024,32
AM,PRESIDENTE FIGUEIREDO,2023,28
RS,SAO PEDRO DO SUL,2021,25
PB,OLIVEDOS,2021,20
RS,ERVAL SECO,2022,14
RS,SANTA CRUZ DO SUL,2024,313
BA,BRUMADO,2022,103
MG,UBERABA,2022,1323
RS,CRUZ ALTA,2022,107
RS,SERTAO SANTANA,2022,6
PR,ALMIRANTE TAMANDARE,2023,121
PB,SANTA LUZIA,2022,55
ES,DIVINO DE SAO LOURENCO,2023,14
PI,NOVA SANTA RITA,2022,4
RS,PICADA CAFE,2022,10
MG,PIEDADE DOS GERAIS,2021,9
MG,FORTALEZA DE MINAS,2022,27
RS,IJUI,2022,322
MG,CENTRALINA,2021,26
BA,CATU,2024,51
RS,SEBERI,2021,25
MG,SAO JOSE DA LAPA,2021,90
PB,JUNCO DO SERIDO,2021,30
PR,CAMPO MAGRO,2022,36
SP,BARRINHA,2022,110
MG,MOEDA,2021,53
PB,AREIA,2022,98
MA,DAVINOPOLIS,2024,15
RS,SAO VICENTE DO SUL,2023,18
PB,MATINHAS,2022,15
RS,CAMPESTRE DA SERRA,2022,6
PR,LAPA,2024,149
PA,BENEVIDES,2023,96
PB,MASSARANDUBA,2023,34
MG,SAO JOAQUIM DE BICAS,2022,160
BA,SAO FRANCISCO DO CONDE,2021,41
PR,QUITANDINHA,2023,57
MG,BURITIZEIRO,2022,39
MG,BOCAINA DE MINAS,2023,20
RS,CAPIVARI DO SUL,2021,8
MG,SAO JOSE DO DIVINO,2022,6
PB,TAPEROA,2022,18
SP,SANTA ERNESTINA,2021,16
RJ,BARRA MANSA,2024,340
MG,CAPETINGA,2024,10
RS,AUGUSTO PESTANA,2023,6
PA,MARITUBA,2023,313
ES,ANCHIETA,2024,37
RJ,PORTO REAL,2024,50
RS,BARAO,2023,22
MG,IMBE DE MINAS,2021,10
RJ,ANCHIETA,2022,2
ES,SANTA TERESA,2021,71
RS,SELBACH,2023,35
SC,DIONISIO CERQUEIRA,2022,33
RS,NOVA PALMA,2021,7
RS,JAGUARI,2024,13
RS,ESPUMOSO,2022,27
AL,BARRA DE SAO MIGUEL,2024,8
PR,CAMPO DO TENENTE,2023,17
SP,GARCA,2022,45
PB,CATURITE,2023,28
MG,PAVAO,2022,20
PR,CAMPO MAGRO,2021,56
MG,FRANCISCOPOLIS,2022,8
PR,CURITIBA,2022,11676
SP,RIO GRANDE DA SERRA,2024,52
MG,PIRAPORA,2021,80
RS,BAGE,2023,100
SC,ARARANGUA,2021,184
MG,PIRAPORA,2024,135
SP,VARGEM,2023,43
RS,CAPIVARI DO SUL,2022,16
PR,TIJUCAS DO SUL,2022,23
MG,LASSANCE,2021,8
MG,SAO JOSE DA BARRA,2021,16
MG,RAUL SOARES,2024,147
PA,ANANINDEUA,2024,859
MG,MARIO CAMPOS,2024,196
SP,SAO CAETANO DO SUL,2023,483
MA,SANTA HELENA,2023,37
MG,SARZEDO,2021,263
SC,ITAPIRANGA,2024,35
MG,PAVAO,2023,12
SP,FRANCISCO MORATO,2022,428
MG,LADAINHA,2023,16
ES,LARANJA DA TERRA,2024,13
PR,FLORIDA,2023,93
MG,BOM JARDIM DE MINAS,2022,46
RS,GRAVATAI,2024,435
MG,PRATAPOLIS,2023,28
RJ,QUATIS,2021,47
BA,MALHADA DE PEDRAS,2022,13
SP,MAIRIPORA,2021,275
PB,BOQUEIRAO,2024,23
RS,SAO SEPE,2024,18
RJ,ITAGUAI,2023,196
MG,VARGEM BONITA,2023,33
RS,SAO JOAO DO POLESINE,2022,10
RS,MARIANA PIMENTEL,2024,3
RS,NOVA RAMADA,2021,1
PB,SANTA CECILIA,2024,1
SP,ALTO ALEGRE,2023,4
MG,PONTO DOS VOLANTES,2022,12
RS,PORTO ALEGRE,2024,9991
SP,MARILIA,2023,829
SP,SAO CAETANO DO SUL,2024,650
MG,CARATINGA,2022,203
MG,VESPASIANO,2022,332
MG,PEDRO LEOPOLDO,2024,193
ES,BREJETUBA,2023,43
PE,GOIANA,2023,308
PR,MARIALVA,2022,110
MG,CENTRALINA,2024,9
BA,MATA DE SAO JOAO,2024,60
PB,SANTA LUZIA,2021,27
MG,PEDRO TEIXEIRA,2023,5
SC,ERMO,2022,2
MG,GUARACIABA,2021,12
SP,COTIA,2024,703
MG,CARMO DO RIO CLARO,2023,40
MG,BOM JARDIM DE MINAS,2024,37
RJ,PARACAMBI,2024,66
PE,CACHOEIRINHA,2024,18
SP,GUARIBA,2024,24
ES,SOORETAMA,2021,11
MG,CONFINS,2023,11
PR,COLOMBO,2023,468
SP,POMPEIA,2023,174
RJ,QUEIMADOS,2023,109
SC,ARARANGUA,2022,178
PR,MANDIRITUBA,2021,59
RS,AMETISTA DO SUL,2024,9
MG,CASCALHO RICO,2021,38
RS,ANTONIO PRADO,2022,41
PB,SAO SEBASTIAO DE LAGOA DE ROCA,2022,16
BA,SAO SEBASTIAO DO PASSE,2021,29
RS,PONTAO,2024,2
MG,ARACITABA,2024,13
RS,ALTO FELIZ,2022,11
SP,CARAPICUIBA,2024,723
SP,SERTAOZINHO,2022,289
MG,EWBANK DA CAMARA,2021,4
SP,BELO HORIZONTE,2024,49
MG,CENTRAL DE MINAS,2023,29
BA,RIO DE CONTAS,2021,14
MG,RIO PRETO,2022,3
RS,JAGUARI,2022,23
MG,IBIRACI,2022,52
PB,SAO JOAO DO CARIRI,2024,4
MG,PORTO ALEGRE,2021,8
MG,LIMA DUARTE,2024,87
RS,PINTO BANDEIRA,2021,3
MG,PADRE PARAISO,2024,62
RJ,NILOPOLIS,2023,198
MG,PASSA TEMPO,2022,9
BA,DIAS DAVILA,2024,40
RS,CATUIPE,2022,25
RS,SARANDI,2024,53
SC,TREZE TILIAS,2023,23
PI,SAO PAULO,2023,28
MG,SAO FRANCISCO DE PAULA,2023,2
SP,GUARULHOS,2021,3913
SC,CAMPOS NOVOS,2024,81
MG,SABARA,2024,239
RS,IBIRUBA,2023,105
SC,SAO JOSE DO CEDRO,2022,30
MG,SANTA RITA DE JACUTINGA,2022,14
RS,PANTANO GRANDE,2021,15
RS,CONDOR,2024,17
PI,SAO JOSE DO DIVINO,2024,24
GO,CAMPO ALEGRE DE GOIAS,2024,12
DF,BRASILIA,2021,11128
RS,GRAVATAI,2022,1024
ES,VENDA NOVA DO IMIGRANTE,2024,102
MG,LAGOA SANTA,2023,383
MG,ARAGUARI,2023,321
MG,OLIVEIRA,2021,153
RS,AJURICABA,2023,15
MG,BOM JESUS DA PENHA,2022,39
SC,MARACAJA,2023,3
MG,SANTOS DUMONT,2023,81
ES,IBITIRAMA,2022,27
PA,CONCORDIA DO PARA,2022,9
PR,DOUTOR CAMARGO,2022,7
PE,TERRA NOVA,2021,13
MG,BOM JARDIM DE MINAS,2023,63
SP,ALTINOPOLIS,2021,22
SC,BALNEARIO GAIVOTA,2023,12
SC,MELEIRO,2022,18
MG,SANTA RITA DE MINAS,2023,5
PR,CURITIBA,2023,11158
MG,JUIZ DE FORA,2021,2154
PB,BOQUEIRAO,2022,25
RS,AGUDO,2023,62
MG,SANTA LUZIA,2021,1703
RS,PANAMBI,2022,150
PR,MANDIRITUBA,2024,57
RS,NOVA PETROPOLIS,2023,99
MG,DELTA,2021,43
SP,SANTA ROSA DE VITERBO,2023,33
RS,DOM PEDRITO,2024,15
SP,DUMONT,2021,6
SC,LACERDOPOLIS,2023,1
RJ,DUQUE DE CAXIAS,2021,2012
RS,PANAMBI,2023,154
SP,RIBEIRAO PIRES,2021,216
SC,MELEIRO,2021,13
RS,ENCRUZILHADA DO SUL,2024,39
PA,BUJARU,2024,89
RS,SARANDI,2022,67
GO,SAO SIMAO,2023,96
RS,CACEQUI,2022,11
RS,NOVA PRATA,2023,66
PR,ANGULO,2023,8
PR,CAMPO MAGRO,2023,16
BA,SANTA LUZIA,2021,2
ES,BREJETUBA,2021,19
SC,CELSO RAMOS,2021,6
MG,SACRAMENTO,2024,37
RJ,NITEROI,2023,2265
ES,ALEGRE,2024,93
PB,CAMPINA GRANDE,2022,1351
RS,SANTA MARIA,2024,766
RJ,MESQUITA,2024,148
MG,UBAPORANGA,2023,36
RS,VERA CRUZ,2024,59
BA,QUEIMADAS,2024,30
PA,BUJARU,2023,30
MG,ITAU DE MINAS,2023,38
MG,ARANTINA,2023,21
RS,MATO LEITAO,2021,4
MG,ALVARENGA,2022,10
MG,SAO JOAO DO MANTENINHA,2024,11
GO,DAVINOPOLIS,2024,5
RS,ALTO FELIZ,2021,4
MG,BETIM,2021,2316
CE,PEREIRO,2024,535
SP,GUARAREMA,2024,74
ES,AFONSO CLAUDIO,2021,33
SP,MAIRIPORA,2024,86
SC,MARACAJA,2024,7
ES,IUNA,2021,40
BA,DIAS DAVILA,2022,121
MG,MATIAS BARBOSA,2021,98
RS,TUPANCIRETA,2022,27
RS,SAO SEPE,2021,15
MG,CANDEIAS,2021,35
RS,SERAFINA CORREA,2021,46
SC,AGUA DOCE,2022,8
RS,SAO JOAO DO POLESINE,2021,26
RS,GUAPORE,2022,45
PA,ACARA,2022,21
MG,SAO JOSE DA LAPA,2023,43
SC,ZORTEA,2024,11
RS,BARRA DO RIBEIRO,2021,59
MG,LASSANCE,2024,13
PR,NOVA AURORA,2023,13
PB,SOLEDADE,2024,34
MG,LASSANCE,2023,3
BA,MADRE DE DEUS,2022,42
SP,SUZANO,2024,389
CE,RUSSAS,2023,133
MG,CARMO DO RIO CLARO,2024,33
SC,TUNAPOLIS,2022,4
SP,GARCA,2021,66
SP,CAIEIRAS,2024,113
MG,ATALEIA,2021,9
SP,ITAPECERICA DA SERRA,2022,262
SC,SAO PAULO,2021,6
MG,CASSIA,2021,42
SC,ANCHIETA,2024,6
MG,RIO PRETO,2024,9
MG,SIMAO PEREIRA,2021,7
SP,SAO BERNARDO DO CAMPO,2024,1763
SP,SANTO ANDRE,2024,2442
PR,RIO BRANCO DO SUL,2024,158
SC,VARGEM,2023,5
SP,MONTE ALTO,2023,68
PB,ALAGOA NOVA,2022,51
MG,GOIANA,2022,21
PB,ALCANTIL,2024,7
SP,SANTANA DE PARNAIBA,2021,911
RS,NOVA PETROPOLIS,2024,79
ES,GUACUI,2024,21
SC,IPORA DO OESTE,2022,14
SP,GUARIBA,2023,26
PB,SERTAOZINHO,2022,8
SP,ORIENTE,2023,5
RN,CARAUBAS,2024,24
RS,PEJUCARA,2023,13
RS,NOVA RAMADA,2024,3
PR,FAZENDA RIO GRANDE,2021,961
BA,BRUMADO,2023,96
RS,BAGE,2021,67
SP,POA,2022,184
RS,PARAI,2023,30
PB,AREIAL,2022,30
PB,ALCANTIL,2021,8
PB,RIACHAO DO BACAMARTE,2024,4
RS,ENCRUZILHADA DO SUL,2021,12
RS,ARROIO DOS RATOS,2023,19
ES,LINHARES,2021,451
PE,ITAMBE,2024,34
SC,SAO JOAO DO OESTE,2022,28
RJ,SAO JOAO DE MERITI,2021,1017
MG,SERRA DOS AIMORES,2021,11
BA,CATU,2023,46
SP,MAIRIPORA,2022,205
MG,SETUBINHA,2021,16
MG,CENTRAL DE MINAS,2022,43
PR,NOVA AURORA,2021,20
RS,TAQUARUCU DO SUL,2022,3
PA,BELEM,2022,10905
SP,GUATAPARA,2021,6
CE,JAGUARIBE,2022,156
RS,VALE VERDE,2022,21
RS,FREDERICO WESTPHALEN,2021,79
BA,QUEIMADAS,2021,33
MG,PASSA TEMPO,2024,36
AM,PRESIDENTE FIGUEIREDO,2021,24
RJ,MESQUITA,2023,240
AM,ITAPIRANGA,2024,51
PB,ALAGOA GRANDE,2024,33
AM,BORBA,2022,14
AM,ITAPIRANGA,2023,34
MG,CARLOS CHAGAS,2022,41
MG,FREI GASPAR,2022,18
MG,VESPASIANO,2024,199
RS,GRAMADO,2021,247
SP,SALESOPOLIS,2021,46
PB,AREIAL,2024,5
SP,SERRANA,2024,144
SC,DIONISIO CERQUEIRA,2023,20
SP,VERA CRUZ,2023,27
PB,SERRA REDONDA,2023,21
RS,ACEGUA,2024,14
PB,TENORIO,2022,20
RJ,MAGE,2022,538
SP,SAO BERNARDO DO CAMPO,2022,2639
RS,URUGUAIANA,2021,108
RJ,TANGUA,2022,34
ES,MUNIZ FREIRE,2024,27
RS,GUAPORE,2023,43
PA,BENEVIDES,2022,195
PR,ARAUCARIA,2022,683
MG,RIO NOVO,2021,19
MG,ITAMBACURI,2024,52
RJ,SAO JOAO DA BARRA,2021,88
AM,MANAQUIRI,2022,3
PB,PRATA,2024,11
SP,OSCAR BRESSANE,2021,7
PB,SANTO ANDRE,2022,2
SP,LUPERCIO,2021,49
SP,PARAISO,2021,13
SP,RIBEIRAO PIRES,2023,204
RJ,SAO GONCALO,2024,604
PA,ANANINDEUA,2022,1857
SP,FERRAZ DE VASCONCELOS,2023,345
SP,DUMONT,2022,16
BA,CANAPOLIS,2024,11
PB,SERRA REDONDA,2024,11
RS,BARRA DO RIBEIRO,2022,75
MA,DAVINOPOLIS,2022,20
RS,SAO VICENTE DO SUL,2024,17
SC,FLOR DO SERTAO,2022,5
MG,NOVA LIMA,2024,446
RJ,RESENDE,2024,273
RS,ESTEIO,2021,261
BA,PARAMIRIM,2024,38
PR,PIRAQUARA,2023,106
RS,FREDERICO WESTPHALEN,2023,113
SC,JABORA,2023,12
BA,SAO PAULO,2022,25
SC,ABDON BATISTA,2023,7
RS,NOVA BASSANO,2021,29
MG,PRATAPOLIS,2024,11
SC,GUARUJA DO SUL,2023,28
MG,LIBERDADE,2024,26
PB,SANTA CECILIA,2023,13
RS,VALE VERDE,2024,26
CE,BONFIM,2023,6
SP,VARGEM,2021,24
PB,BOA VISTA,2022,29
MG,MONTE ALEGRE DE MINAS,2022,34
PB,CABACEIRAS,2023,14
MG,CONTAGEM,2024,1521
SP,ARUJA,2024,216
PR,PINHAIS,2022,873
RS,VIAMAO,2023,410
MG,ALPINOPOLIS,2024,40
BA,LAURO DE FREITAS,2024,500
SP,MAUA,2021,871
MG,SETUBINHA,2022,10
RN,BRASILIA,2022,116
PR,IVATUBA,2023,23
PR,QUITANDINHA,2021,38
SP,JARDINOPOLIS,2021,104
PB,ASSUNCAO,2022,14
RS,TRES PALMEIRAS,2024,8
BA,ARACATU,2024,7
GO,CATALAO,2023,218
MG,NOVO CRUZEIRO,2021,28
BA,TERRA NOVA,2024,17
BA,JUSSIAPE,2022,10
RS,ITAARA,2024,8
RS,NOVA ARACA,2021,53
ES,IBITIRAMA,2024,29
SP,POMPEIA,2022,46
RS,DOM PEDRITO,2022,16
DF,BRASILIA,2023,12157
RS,CANOAS,2024,2627
SP,BARUERI,2022,1552
RS,SANTA MARIA,2023,712
RS,PINHEIRO MACHADO,2024,18
RJ,SEROPEDICA,2024,52
SP,CARAPICUIBA,2022,933
ES,DORES DO RIO PRETO,2021,11
RS,FAXINAL DO SOTURNO,2022,22
RR,PORTO ALEGRE,2021,105
MG,GUAPE,2022,22
RS,CONDOR,2021,8
SC,PRAIA GRANDE,2021,10
SC,PALMA SOLA,2022,8
BA,SALVADOR,2021,10178
SP,ITAPEVI,2023,453
SP,MARILIA,2022,887
SP,OSASCO,2024,2139
CE,LIMOEIRO DO NORTE,2021,172
PR,CAMPO LARGO,2022,501
RS,SANTO ANTONIO DA PATRULHA,2024,57
RS,RODEIO BONITO,2021,19
RS,GUAPORE,2024,54
MG,OURO VERDE DE MINAS,2024,13
RS,DOM PEDRITO,2021,19
RJ,SAO FIDELIS,2023,46
SC,SOMBRIO,2024,85
RS,INHACORA,2021,3
GO,GOIANDIRA,2021,13
MG,CAMPO FLORIDO,2024,31
SC,ITAPIRANGA,2021,28
PR,CONTENDA,2022,69
MG,PIEDADE DE CARATINGA,2024,10
RJ,GUAPIMIRIM,2024,561
AM,AUTAZES,2021,77
PB,CATURITE,2024,1
PR,CATANDUVAS,2023,8
MG,BELO HORIZONTE,2022,23274
RS,SEBERI,2024,40
SC,ITAPIRANGA,2022,32
MG,NANUQUE,2024,74
RS,NOVA PRATA,2024,151
RS,PINHEIRO MACHADO,2021,38
BA,BELMONTE,2023,26
MG,CASSIA,2024,51
RJ,JAPERI,2021,234
PB,AROEIRAS,2022,31
RS,FELIZ,2021,41
BA,ITANAGRA,2024,6
TO,SANTA TERESA,2022,4
DF,BRASILIA,2024,12381
RJ,ITAGUAI,2024,272
RS,ROSARIO DO SUL,2023,65
SC,PASSO DE TORRES,2022,24
SP,POMPEIA,2024,82
PB,ALAGOA GRANDE,2022,32
MG,INHAPIM,2024,23
MG,DELTA,2023,10
RS,QUEVEDOS,2022,9
MG,BURITIZEIRO,2023,14
MG,CAMPO FLORIDO,2021,14
RS,MOSTARDAS,2024,13
RS,NITEROI,2023,8
RJ,MAGE,2023,323
RS,SANTO ANTONIO DA PATRULHA,2021,94
RS,CACHOEIRINHA,2021,504
SP,ITAPEVI,2024,152
BA,TAPEROA,2024,41
PR,SANTA FE,2024,63
SP,SAO LOURENCO DA SERRA,2023,69
PA,BENEVIDES,2024,114
SP,SERRA AZUL,2024,10
RJ,ANCHIETA,2021,6
DF,BRASILIA,2022,13408
ES,SANTA TERESA,2023,84
BA,CANDEIAS,2023,103
RS,MATO CASTELHANO,2023,20
SP,SANTANA DE PARNAIBA,2023,610
MG,NOVO CRUZEIRO,2023,21
CE,LIMOEIRO DO NORTE,2022,167
MG,JABOTICATUBAS,2024,22
SP,ITAPEVI,2022,337
RS,VISTA ALEGRE DO PRATA,2024,11
MG,ALPINOPOLIS,2022,66
MG,VISTA ALEGRE,2021,5
PB,CUBATI,2022,17
SC,BALNEARIO GAIVOTA,2024,9
SP,OSCAR BRESSANE,2022,12
PR,RIO NEGRO,2022,83
RN,VERA CRUZ,2021,34
BA,SANTO AMARO,2023,51
PB,MASSARANDUBA,2024,14
PR,PAICANDU,2024,36
SP,SAO LOURENCO DA SERRA,2022,21
RS,ARROIO DOS RATOS,2022,43
SC,SAO JOAO DO SUL,2022,11
SC,NITEROI,2023,4
RS,LAGOA DOS TRES CANTOS,2023,1
PR,NOVA AURORA,2024,9
RJ,SANTA LUZIA,2021,7
MG,BETIM,2023,731
PR,PIEN,2022,47
RJ,SAO FIDELIS,2022,57
PB,BELEM,2021,21
RJ,CAMPOS DOS GOYTACAZES,2023,494
RS,SARANDI,2023,43
MG,IBIRITE,2023,415
SC,TREZE TILIAS,2021,33
RS,SALTO DO JACUI,2024,16
MG,VARZEA DA PALMA,2023,54
SC,AGUA DOCE,2023,12
SC,FLOR DO SERTAO,2024,5
DF,SANTA MARIA,2022,54
BA,VERA CRUZ,2021,23
MG,FLORESTAL,2021,23
GO,GOIANDIRA,2022,17
RS,VICENTE DUTRA,2021,3
SP,SANTA LUZIA,2022,27
PB,SAO DOMINGOS DO CARIRI,2024,15
SP,SAO PAULO,2021,40955
RS,CANOAS,2023,881
SP,GUARULHOS,2024,2488
PR,IVATUBA,2024,11
MG,SALVADOR,2022,20
SP,GETULINA,2022,15
SP,CAJURU,2022,40
PB,FAGUNDES,2021,41
MG,UBAPORANGA,2022,31
ES,SAO PAULO,2024,7
RJ,RIO CLARO,2024,45
MG,CAETE,2021,304
RJ,MANGARATIBA,2022,81
PR,PRESIDENTE CASTELO BRANCO,2023,20
MG,NOVA PONTE,2024,47
ES,JOAO NEIVA,2024,20
PB,UMBUZEIRO,2021,19
MG,ITAIPE,2021,38
MG,MANTENA,2022,59
MG,PIRACEMA,2024,71
RJ,SEROPEDICA,2023,44
RS,NOVA PETROPOLIS,2021,85
PR,CERRO AZUL,2021,8
MG,LIMA DUARTE,2021,18
PE,FLORESTA,2024,82
PR,SANTA MARIA,2021,2
PR,PITANGUEIRAS,2022,12
BA,SALVADOR,2023,10248
PB,ALCANTIL,2022,23
MG,JUATUBA,2023,102
CE,PEREIRO,2023,234
RS,FLORES DA CUNHA,2023,77
AM,CAREIRO,2021,40
PR,MANDAGUACU,2022,57
BA,ITAMBE,2023,30
RS,CAICARA,2023,2
RJ,MANGARATIBA,2021,223
RJ,ITATIAIA,2023,109
SP,GALIA,2021,9
RS,VALE REAL,2022,13
SC,MARACAJA,2021,7
PR,ADRIANOPOLIS,2024,8
RS,FORTALEZA DOS VALOS,2021,11
RJ,RIO DE JANEIRO,2021,25628
RJ,ITALVA,2021,34
RS,RONDA ALTA,2023,26
ES,SANTA MARIA DE JETIBA,2023,107
SP,CRAVINHOS,2021,149
RS,NOVA ROMA DO SUL,2023,13
RS,DOIS LAJEADOS,2023,7
PR,FLORAI,2021,48
SC,DIONISIO CERQUEIRA,2024,18
RJ,MENDES,2023,29
PB,BARRA DE SANTANA,2024,6
RJ,NITEROI,2022,2663
SC,ARARANGUA,2024,327
RS,AUGUSTO PESTANA,2021,10
MG,MARIO CAMPOS,2023,95
SC,CAPINZAL,2022,25
MG,SANTA BARBARA DO LESTE,2022,7
PR,PIEN,2023,32
RS,GLORINHA,2021,82
MG,CORREGO NOVO,2022,20
AM,IRACEMA,2021,6
RR,IRACEMA,2023,3
MG,POTE,2021,10
RS,PORTO ALEGRE,2021,9128
SP,BARRA BONITA,2022,83
RS,CAXIAS DO SUL,2024,1673
CE,LIMOEIRO DO NORTE,2024,162
MG,MANTENA,2023,52
RS,GRAMADO XAVIER,2022,2
RS,FAXINAL DO SOTURNO,2024,32
BA,BRUMADO,2024,99
RJ,ITATIAIA,2024,114
RS,SANTO ANTONIO DA PATRULHA,2022,220
MG,SANTA JULIANA,2022,22
RS,ERVAL SECO,2021,15
PB,AREIA,2021,44
RS,VILA FLORES,2023,11
RJ,SAO GONCALO,2023,1375
RJ,SAO FIDELIS,2021,34
PR,PIRAQUARA,2022,246
SP,BIRITIBA MIRIM,2024,40
PR,OURIZONA,2024,13
SC,MASSARANDUBA,2023,67
SP,JANDIRA,2021,664
RS,SOLEDADE,2023,136
SP,CARAPICUIBA,2021,1246
MG,TUPACIGUARA,2022,71
RS,FARROUPILHA,2023,234
ES,SANTA TERESA,2022,103
SP,BELO HORIZONTE,2022,38
MG,IBIRACI,2021,31
MG,NOVO CRUZEIRO,2024,16
MG,VERISSIMO,2022,6
SC,BALNEARIO ARROIO DO SILVA,2021,13
SP,FRANCO DA ROCHA,2021,575
SC,CAMPOS NOVOS,2023,87
RJ,BELFORD ROXO,2021,1098
SC,CAMPOS NOVOS,2022,91
RS,BAGE,2024,83
RS,SANTANA DO LIVRAMENTO,2021,37
BA,QUEIMADAS,2023,26
MG,CORONEL PACHECO,2021,27
MG,MALACACHETA,2021,11
PB,RIACHAO DO BACAMARTE,2022,58
RS,JACUIZINHO,2022,4
SP,GETULINA,2023,17
RS,PINHEIRINHO DO VALE,2022,11
RS,GRAMADO,2024,251
MG,ARAGUARI,2022,239
SP,PITANGUEIRAS,2022,70
RJ,MARICA,2022,443
RS,SERTAO,2022,6
SP,ITAQUAQUECETUBA,2021,650
RS,AJURICABA,2024,16
RS,FELIZ,2023,36
ES,SOORETAMA,2022,34
MG,ENTRE FOLHAS,2023,30
ES,SAO PAULO,2021,4
RS,SAO SEPE,2022,14
PB,REMIGIO,2024,46
RS,IJUI,2023,293
AM,BORBA,2021,29
RS,ALVORADA,2024,429
PR,CATANDUVAS,2021,16
MG,ITAGUARA,2021,61
RS,SAO FRANCISCO DE ASSIS,2023,17
RS,PARAI,2021,20
PB,AREIAL,2023,9
BA,SAO PAULO,2021,7
RS,CORONEL BICACO,2021,5
ES,SAO JOSE DO CALCADO,2023,5
ES,ARACRUZ,2023,473
SP,SAO CAETANO DO SUL,2021,1185
PB,CAMPINA GRANDE,2023,1467
MG,JUIZ DE FORA,2022,2225
PR,RIO BRANCO DO SUL,2023,62
SP,ITAQUAQUECETUBA,2022,655
RN,SAO PAULO,2024,47
RS,CACEQUI,2024,15
MG,TUPACIGUARA,2021,101
SP,SANTA LUZIA,2023,12
MG,SAO JOAO DO MANTENINHA,2023,8
RS,PALMITINHO,2023,23
PB,ITATUBA,2021,13
CE,MORADA NOVA,2023,65
MG,SANTOS DUMONT,2021,71
RJ,SAO JOAO DA BARRA,2023,78
SC,SANTA MARIA,2023,12
ES,DOMINGOS MARTINS,2021,60
PB,AROEIRAS,2021,28
MA,SANTO AMARO,2022,11
MG,SANTA BARBARA DO MONTE VERDE,2023,7
CE,PALHANO,2023,10
GO,CATALAO,2022,166
RS,SAO PEDRO DO SUL,2024,26
RO,NOVA UNIAO,2021,16
AM,RIO PRETO DA EVA,2022,14
PR,NOVA ESPERANCA,2023,31
RS,ANTONIO PRADO,2023,49
MG,SAO JOAQUIM DE BICAS,2021,100
RS,GRAVATAI,2023,639
RS,CAXIAS DO SUL,2022,1659
MG,ANDRELANDIA,2023,47
MG,RIO NOVO,2023,10
MG,SAO JOAO BATISTA DO GLORIA,2023,12
PB,QUEIMADAS,2023,40
SP,BARRINHA,2024,47
SP,JARDINOPOLIS,2024,97
MG,PONTO DOS VOLANTES,2021,8
PB,SERTAOZINHO,2023,26
BA,SAUBARA,2023,22
MG,MENDES PIMENTEL,2024,13
PR,MARINGA,2023,2157
MG,SANTOS DUMONT,2024,128
MG,IBIAI,2024,10
RJ,BELFORD ROXO,2023,487
MG,TEOFILO OTONI,2023,191
SP,RIO CLARO,2023,626
RS,GARIBALDI,2022,174
RS,AGUDO,2024,53
PR,GRAMADO,2022,4
RJ,CARDOSO MOREIRA,2021,26
MG,TAQUARACU DE MINAS,2023,13
ES,ITARANA,2022,11
CE,JAGUARETAMA,2022,27
RJ,SAO GONCALO,2022,2266
RS,CARLOS BARBOSA,2024,112
RJ,VOLTA REDONDA,2022,1354
PA,ANANINDEUA,2023,857
ES,IBITIRAMA,2023,23
SP,BARRA BONITA,2021,172
BA,MATA DE SAO JOAO,2023,68
SC,TREZE TILIAS,2022,24
RS,PANTANO GRANDE,2022,19
PR,SAO JORGE DO IVAI,2023,12
MG,PIEDADE DE CARATINGA,2022,21
ES,APIACA,2023,9
BA,TAPEROA,2022,20
RR,BOA VISTA,2023,564
MG,NOVO CRUZEIRO,2022,22
RS,ANDRE DA ROCHA,2021,4
CE,ALTO SANTO,2021,17
RS,NOVA PALMA,2024,8
RJ,ITAGUAI,2022,384
MG,ITAU DE MINAS,2021,18
RS,CARLOS BARBOSA,2022,53
RJ,ENGENHEIRO PAULO DE FRONTIN,2021,21
CE,SAO JOAO DO JAGUARIBE,2023,12
PB,BOA VISTA,2024,18
MG,CASCALHO RICO,2022,10
SC,TIMBE DO SUL,2024,20
MG,ENTRE FOLHAS,2024,11
MG,SANTA RITA DE MINAS,2022,12
PR,ARAUCARIA,2023,362
MG,LAGOA SANTA,2021,352
CE,JAGUARIBARA,2022,21
ES,AFONSO CLAUDIO,2022,32
PR,ITAMBE,2022,24
BA,SIMOES FILHO,2023,154
MG,SANTA JULIANA,2021,26
SP,POA,2021,184
MG,CONFINS,2024,34
BA,CATURAMA,2023,16
SC,ABDON BATISTA,2024,4
MG,MATIAS BARBOSA,2024,27
RS,CORONEL BICACO,2023,17
RS,SANTA CRUZ DO SUL,2022,456
PR,PIRAQUARA,2021,557
MG,UBERLANDIA,2021,2225
SC,SANTA CECILIA,2024,21
SP,PITANGUEIRAS,2024,83
MG,VARGEM ALEGRE,2022,15
MG,ENTRE FOLHAS,2021,32
PB,TAPEROA,2024,15
RN,VERA CRUZ,2024,18
RS,CAMBARA DO SUL,2023,11
MS,PONTAL,2022,5
PE,SAO PAULO,2021,4
GO,GOIANDIRA,2023,33
RS,CANDELARIA,2022,50
CE,MORADA NOVA,2021,182
SP,PONTAL,2021,199
PB,SOLEDADE,2022,41
MG,PADRE PARAISO,2023,27
RS,VERA CRUZ,2023,95
RS,FORTALEZA DOS VALOS,2022,8
AL,SAO PAULO,2024,9
RS,CAMPESTRE DA SERRA,2023,2
MG,JUIZ DE FORA,2024,1582
PR,FLORAI,2024,6
SP,JABOTICABAL,2024,176
SP,VARGEM GRANDE PAULISTA,2023,84
PR,QUATRO BARRAS,2024,27
PB,CATURITE,2022,23
AL,BARRA DE SAO MIGUEL,2023,33
MG,ALVARENGA,2021,19
PR,UNIFLOR,2022,3
GO,SANTA ISABEL,2024,20
RS,PINTO BANDEIRA,2024,15
MG,PRATA,2023,44
RS,PASSO FUNDO,2023,661
SP,SAO CAETANO DO SUL,2022,1003
RJ,NITEROI,2021,3399
SP,SAO BERNARDO DO CAMPO,2021,2874
SP,CARAPICUIBA,2023,910
SP,DIADEMA,2023,560
PB,ALAGOA NOVA,2024,13
RS,CARLOS BARBOSA,2021,79
SC,BALNEARIO ARROIO DO SILVA,2023,25
PR,ASTORGA,2023,26
MG,RIO ACIMA,2023,20
MG,SAO FRANCISCO DE PAULA,2021,7
MG,CARMOPOLIS DE MINAS,2022,43
RS,PANAMBI,2021,150
PE,GOIANA,2024,176
SP,FERRAZ DE VASCONCELOS,2021,482
BA,SAO PAULO,2024,3
CE,PEREIRO,2022,53
MG,ESMERALDAS,2021,213
BA,RIO DE CONTAS,2024,19
PB,ALAGOA NOVA,2021,27
MG,FLORESTAL,2023,24
MG,SAO JOSE DO DIVINO,2023,4
PB,AREIA,2024,16
PR,MANDAGUARI,2024,172
MG,MATEUS LEME,2021,134
SC,AGUA DOCE,2024,17
SC,PARAISO,2021,16
PB,SAO VICENTE DO SERIDO,2023,18
SP,BELEM,2022,16
RS,NOVA BASSANO,2023,30
SC,GUARACIABA,2022,18
GO,DAVINOPOLIS,2023,12
SP,TABOAO DA SERRA,2023,721
MG,ARANTINA,2024,36
RS,VENANCIO AIRES,2021,218
RJ,PIRAI,2021,126
RS,NOVA ARACA,2022,45
RJ,ITAGUAI,2021,482
RS,CAMPOS BORGES,2023,19
MG,TAQUARACU DE MINAS,2021,92
SC,PASSO DE TORRES,2021,20
RJ,ENGENHEIRO PAULO DE FRONTIN,2024,8
SC,SANTA MARIA,2024,7
ES,SANTA LEOPOLDINA,2021,8
RS,SANTA CRUZ DO SUL,2021,518
MG,CONTAGEM,2021,3642
RS,CANOAS,2021,1810
SP,SERTAOZINHO,2024,318
RS,SAPUCAIA DO SUL,2024,492
RS,SANTA TEREZA,2023,8
SP,MONTE ALTO,2021,49
CE,JAGUARIBE,2023,147
SP,JUQUITIBA,2023,215
BA,BELMONTE,2021,17
MG,JABOTICATUBAS,2022,15
PR,ANGULO,2024,27
PR,INDIANOPOLIS,2023,11
RS,SAO FRANCISCO DE PAULA,2023,72
AL,BELEM,2022,6
MG,SAO SEBASTIAO DO ANTA,2023,5
MG,BIAS FORTES,2024,5
RS,PINHEIRINHO DO VALE,2023,5
MG,SAO SEBASTIAO DO ANTA,2024,15
RS,RODEIO BONITO,2024,45
MG,SETUBINHA,2024,35
RS,IBIRUBA,2024,208
PR,CAMPO LARGO,2024,287
ES,AFONSO CLAUDIO,2023,29
MG,FLORESTAL,2024,10
RS,SALTO DO JACUI,2021,9
MG,MATEUS LEME,2022,38
SP,FRANCO DA ROCHA,2022,274
ES,MARECHAL FLORIANO,2021,41
AL,BARRA DE SAO MIGUEL,2022,35
RS,NOVA ARACA,2024,5
CE,POTIRETAMA,2022,11
RS,JAGUARI,2021,25
MG,SABARA,2023,228
PR,CAMPO LARGO,2021,579
MG,SIMAO PEREIRA,2024,13
RS,MATO LEITAO,2022,14
RS,ESTEIO,2022,311
CE,QUIXERE,2023,49
MG,CARAI,2021,12
PR,DOUTOR CAMARGO,2023,6
RS,CORONEL PILAR,2022,9
RJ,PINHEIRAL,2023,39
SP,SAO LOURENCO DA SERRA,2024,5
RS,NOVA BASSANO,2022,35
SP,FRANCO DA ROCHA,2024,157
MG,BOM JESUS DA PENHA,2021,16
RN,CARAUBAS,2021,35
RS,QUARAI,2023,9
BA,SANTO ANDRE,2022,6
MG,LASSANCE,2022,6
RS,CACHOEIRINHA,2024,257
AM,AUTAZES,2022,62
RS,CACEQUI,2021,16
ES,GUACUI,2023,64
RJ,QUEIMADOS,2021,372
MG,CAMPINA VERDE,2022,117
RS,SAO MARCOS,2023,57
PB,BOQUEIRAO,2021,35
MG,CONCEICAO DAS ALAGOAS,2021,115
BA,SIMOES FILHO,2024,52
SC,CAPINZAL,2024,41
PR,CONTENDA,2024,22
RS,FLORES DA CUNHA,2022,85
RS,SOLEDADE,2022,298
SP,SAO LOURENCO DA SERRA,2021,24
MG,PIEDADE DOS GERAIS,2024,31
RS,HULHA NEGRA,2022,11
SC,BALNEARIO GAIVOTA,2022,30
MG,CAMPO FLORIDO,2023,8
ES,SANTA LEOPOLDINA,2023,17
MG,VARZEA DA PALMA,2021,25
MG,FORTALEZA DE MINAS,2021,4
RJ,DUQUE DE CAXIAS,2024,898
PA,SANTA BARBARA DO PARA,2021,76
PB,ESPERANCA,2023,90
MG,SAO JOSE DA LAPA,2022,100
SP,BARRINHA,2023,29
MG,INDIANOPOLIS,2023,20
RS,VENANCIO AIRES,2024,146
RS,SANTANA DO LIVRAMENTO,2023,35
SC,BALNEARIO GAIVOTA,2021,17
MG,NOVA LIMA,2022,813
RS,AMETISTA DO SUL,2023,18
PR,SANTA HELENA,2021,42
PR,PIRAQUARA,2024,129
PR,BALSA NOVA,2021,39
SP,CAIEIRAS,2021,98
SC,LACERDOPOLIS,2024,3
PB,CARAUBAS,2021,6
MG,LIBERDADE,2022,5
CE,ERERE,2023,4
RS,SANTA MARIA,2022,850
PR,TURVO,2023,11
RS,FARROUPILHA,2021,189
RS,SILVEIRA MARTINS,2021,8
RS,ALVORADA,2021,41
MA,SAO PAULO,2021,2
PR,SAO JOSE DOS PINHAIS,2022,1032
RJ,DUQUE DE CAXIAS,2022,1746
PB,SERTAOZINHO,2024,17
MG,ITAGUARA,2023,121
RS,VIAMAO,2024,422
SP,FRANCISCO MORATO,2023,233
RS,ALVORADA,2022,4814
RS,SAPUCAIA DO SUL,2021,1349
PR,MANDAGUARI,2023,65
SC,LUZERNA,2024,11
RS,VALE REAL,2024,7
BA,TAPEROA,2023,13
SP,ITAPECERICA DA SERRA,2021,468
RS,SANTANA DO LIVRAMENTO,2024,49
RS,JARI,2021,3
MG,SALVADOR,2021,36
RS,SAO VALENTIM DO SUL,2021,4
SP,FRANCISCO MORATO,2024,314
RJ,MESQUITA,2021,540
SC,PASSO DE TORRES,2024,24
RJ,MARICA,2023,361
PA,BENEVIDES,2021,251
MG,RIO ACIMA,2024,18
BA,CANDEIAS,2021,136
SP,POA,2023,184
ES,ITARANA,2024,13
RS,BOA VISTA DAS MISSOES,2024,5
MG,SAO DOMINGOS DAS DORES,2024,18
RJ,TANGUA,2021,33
RS,PALMARES DO SUL,2022,26
RS,ELDORADO DO SUL,2022,226
PA,BUJARU,2021,7
RS,PROTASIO ALVES,2022,5
AL,ATALAIA,2022,7
RJ,MAGE,2024,222
PR,SARANDI,2023,315
SP,PRADOPOLIS,2022,38
RS,AJURICABA,2021,13
AM,PRESIDENTE FIGUEIREDO,2024,25
SP,RIO GRANDE DA SERRA,2023,222
MG,CANAPOLIS,2024,39
RS,HULHA NEGRA,2021,5
MG,SAO JOAO DO MANTENINHA,2022,7
MG,ATALEIA,2023,29
PB,TAVARES,2023,26
PR,INDIANOPOLIS,2024,2
MG,GUARACIABA,2022,12
SC,LUZERNA,2021,44
RS,SAPUCAIA DO SUL,2023,313
MG,JUATUBA,2022,86
MG,ITAOBIM,2021,34
PR,SANTA HELENA,2023,69
MG,ANDRELANDIA,2024,61
RJ,QUEIMADOS,2024,467
MG,POTE,2024,19
BA,POJUCA,2022,24
MG,SAO FELIX DE MINAS,2023,14
MG,SAO FELIX DE MINAS,2021,11
RS,VICTOR GRAEFF,2023,4
SP,JUQUITIBA,2024,12
RJ,PINHEIRAL,2022,32
PR,ALMIRANTE TAMANDARE,2022,217
RS,TIO HUGO,2023,11
ES,LINHARES,2024,277
SC,TURVO,2021,81
MG,CARMO DO RIO CLARO,2021,46
SP,JABOTICABAL,2021,144
RS,PASSO DO SOBRADO,2022,19
ES,MARECHAL FLORIANO,2023,29
SC,ERVAL VELHO,2023,10
SP,SERRA AZUL,2023,10
RJ,QUATIS,2024,23
RS,PONTAO,2023,5
MG,SANTA LUZIA,2024,497
SP,SERTAOZINHO,2023,373
MG,UBERABA,2023,1117
RS,SEBERI,2023,38
RR,BOA VISTA,2024,782
BA,RIO DO PIRES,2022,18
RS,ERVAL SECO,2024,7
AM,AUTAZES,2023,35
SP,JABOTICABAL,2022,162
BA,SAO SEBASTIAO DO PASSE,2024,38
GO,IPAMERI,2022,49
PR,NOVA ESPERANCA,2021,50
MG,CATUJI,2021,11
MG,PAVAO,2024,9
SP,PONTAL,2023,44
CE,PALHANO,2022,10
PA,BELEM,2024,7004
MG,RIBEIRAO DAS NEVES,2023,617
RS,CANDIOTA,2021,25
RS,NOVA PETROPOLIS,2022,83
SC,LACERDOPOLIS,2022,4
BA,CANAPOLIS,2022,8
SP,SAO SIMAO,2021,53
ES,SAO PAULO,2023,12
RS,RONDA ALTA,2022,19
RS,ANTONIO PRADO,2021,44
MG,SALVADOR,2024,7
SP,BARUERI,2024,1455
MG,UBERABA,2021,1627
PR,LAPA,2021,518
SP,EMBU DAS ARTES,2024,260
RJ,SAO JOAO DE MERITI,2023,347
MG,BOM JESUS DO GALHO,2022,27
SC,TIMBE DO SUL,2023,15
MG,BURITIZEIRO,2024,7
BA,SAUBARA,2021,42
RS,PINHEIRO MACHADO,2023,41
SP,LUPERCIO,2022,16
RR,BONFIM,2022,7
BA,SAO SEBASTIAO DO PASSE,2023,13
PB,ITATUBA,2022,16
MG,CENTRALINA,2023,34
PB,MASSARANDUBA,2021,13
MG,VERMELHO NOVO,2024,12
RS,SANTA TEREZA,2024,5
MG,NOVO ORIENTE DE MINAS,2021,12
SP,RIBEIRAO PRETO,2023,2897
RJ,QUATIS,2023,40
GO,CATALAO,2021,135
RS,NICOLAU VERGUEIRO,2021,10
PB,MONTADAS,2022,6
PR,MANDAGUACU,2021,36
PB,REMIGIO,2022,19
AM,MANAUS,2024,4610
SP,OSASCO,2021,3354
RJ,BARRA DO PIRAI,2022,199
MG,SABARA,2021,593
CE,MORADA NOVA,2024,78
BA,MATA DE SAO JOAO,2022,72
SP,TABOAO DA SERRA,2022,1044
PR,FLORESTA,2024,43
ES,ALEGRE,2022,53
ES,IBIRACU,2023,43
RJ,SAO FIDELIS,2024,55
MG,CANAPOLIS,2023,204
SC,SOMBRIO,2022,67
PE,FLORESTA,2023,36
MG,BOM JESUS DO GALHO,2023,48
CE,QUIXERE,2022,34
MG,MONTE ALEGRE DE MINAS,2021,39
RR,ALTO ALEGRE,2023,11
PR,QUATRO BARRAS,2021,70
BA,ITAMBE,2021,14
SC,ERVAL VELHO,2024,13
MG,CARAI,2024,24
RS,VERA CRUZ,2021,11
RS,CANELA,2024,225
SC,SANTA ROSA DO SUL,2022,8
PA,VIGIA,2023,142
SP,VARGEM GRANDE PAULISTA,2021,168
PR,IVATUBA,2022,16
PB,ESPERANCA,2024,27
MG,PRATA,2021,96
PR,ASTORGA,2024,42
MS,PONTAL,2024,20
PB,POCINHOS,2023,14
SP,SANTO AMARO,2022,1
PA,SAO CAETANO DE ODIVELAS,2021,33
RS,FELIZ,2022,51
PR,BOCAIUVA DO SUL,2021,16
SP,SERRA AZUL,2021,9
RS,TAVARES,2023,2
RS,VISTA ALEGRE DO PRATA,2023,7
SP,MOGI DAS CRUZES,2021,1968
MG,CASCALHO RICO,2023,11
PR,ADRIANOPOLIS,2021,5
RN,SANTA MARIA,2023,9
MG,DELFINOPOLIS,2021,13
PB,SANTA HELENA,2022,2
RS,PALMARES DO SUL,2024,20
SP,OSASCO,2022,3202
PR,SAO JOSE DOS PINHAIS,2023,689
MA,SANTA LUZIA,2021,44
PR,LAPA,2023,120
RS,VENANCIO AIRES,2023,154
BA,TERRA NOVA,2021,11
SP,QUINTANA,2022,4
RS,BARAO,2022,25
RS,GLORINHA,2022,6
SC,JACINTO MACHADO,2021,6
PB,GADO BRAVO,2024,29
MG,NOVA MODICA,2023,24
SC,SAO JOAO DO OESTE,2023,6
RS,VALE REAL,2021,2
RS,TOROPI,2021,7
MG,CAMPANARIO,2023,4
ES,APIACA,2024,6
AM,MANAUS,2023,3973
PE,GOIANA,2022,195
CE,LIMOEIRO DO NORTE,2023,167
PR,PIEN,2024,56
PR,PINHAIS,2023,476
ES,RIO BANANAL,2024,41
RO,NOVA UNIAO,2023,7
RS,VERA CRUZ,2022,60
SP,BARRINHA,2021,88
PB,SOLEDADE,2021,55
RS,LAGOA DOS TRES CANTOS,2021,17
PR,CAMPO DO TENENTE,2022,10
PR,QUATRO BARRAS,2023,18
RJ,MESQUITA,2022,663
MG,RAUL SOARES,2023,91
RS,LIBERATO SALZANO,2022,4
RJ,RESENDE,2022,304
SP,JANDIRA,2024,375
MG,ITAGUARA,2022,133
RS,VILA FLORES,2022,15
RS,BOA VISTA DAS MISSOES,2021,10
SP,GUARAREMA,2023,46
RS,QUINZE DE NOVEMBRO,2022,17
RS,PEDRAS ALTAS,2024,6
AM,CAREIRO,2024,13
SP,PIRAPORA DO BOM JESUS,2023,54
SC,GUARUJA DO SUL,2024,8
RS,CAMBARA DO SUL,2024,11
SP,SANTA ISABEL,2024,83
SC,JABORA,2022,8
RJ,GUAPIMIRIM,2022,199
MG,IBIAI,2022,5
MG,SACRAMENTO,2022,31
RS,CANDELARIA,2024,66
BA,DIAS DAVILA,2023,77
RS,NOVA PALMA,2023,4
SP,DIADEMA,2024,725
MG,TUPACIGUARA,2024,19
RS,GRAMADO,2022,333
SP,ORIENTE,2022,21
PE,TERRA NOVA,2022,44
PA,SANTO ANTONIO DO TAUA,2022,26
SP,JUQUITIBA,2022,19
MG,SAO JOSE DO DIVINO,2021,6
RS,FREDERICO WESTPHALEN,2024,111
PA,MARITUBA,2024,164
MG,RIBEIRAO DAS NEVES,2024,256
MG,CRUCILANDIA,2024,108
SC,PRAIA GRANDE,2023,13
BA,DIAS DAVILA,2021,221
RS,SANTO AUGUSTO,2022,31
MG,CONCEICAO DAS ALAGOAS,2023,93
BA,DOM BASILIO,2022,7
PR,CURITIBA,2024,10709
SP,FRANCISCO MORATO,2021,560
SP,BATATAIS,2021,127
MG,CAETE,2022,72
RS,SAO JORGE,2021,4
MG,SANTA RITA DE JACUTINGA,2023,11
RS,CATUIPE,2024,36
PR,FAZENDA RIO GRANDE,2023,320
MG,JUATUBA,2024,141
SP,RIBEIRAO PRETO,2021,4114
RS,ALEGRETE,2024,106
SP,SERRANA,2023,180
RS,FORTALEZA DOS VALOS,2023,4
MG,SAO JOSE DA BARRA,2023,22
RJ,NILOPOLIS,2021,806
MG,NANUQUE,2022,73
MG,ARAGUARI,2024,251
MG,RAPOSOS,2022,41
RJ,JAPERI,2022,169
GO,CUMARI,2021,35
ES,ARACRUZ,2021,197
RS,CONDOR,2023,10
BA,DOM BASILIO,2024,6
MG,TUPACIGUARA,2023,34
BA,SALVADOR,2022,10372
RJ,DUQUE DE CAXIAS,2023,1157
MG,SANTA LUZIA,2022,961
MG,SANTOS DUMONT,2022,69
RS,GUAIBA,2022,309
RJ,ITABORAI,2022,439
PB,ESPERANCA,2021,96
MG,CANDEIAS,2024,5
RS,GRAMADO,2023,261
RS,IJUI,2021,190
BA,MADRE DE DEUS,2024,33
SP,CAJAMAR,2021,160
SP,OCAUCU,2023,8
BA,POJUCA,2023,50
PB,ALAGOA NOVA,2023,56
MG,EWBANK DA CAMARA,2022,11
PA,SAO CAETANO DE ODIVELAS,2022,9
RJ,CARDOSO MOREIRA,2022,18
PR,CATANDUVAS,2022,17
CE,PALHANO,2021,13
RS,CANDIOTA,2022,20
CE,RUSSAS,2022,154
MG,ITAGUARA,2024,107
RS,RESTINGA SECA,2022,44
PR,CAMPINA GRANDE DO SUL,2023,55
ES,IUNA,2022,47
MG,PIEDADE DOS GERAIS,2023,24
PR,MANDAGUARI,2022,71
GO,TRES RANCHOS,2022,9
SP,CAMPOS NOVOS PAULISTA,2021,4
RS,CAXIAS DO SUL,2021,2467
RR,BOA VISTA,2022,479
SP,SUZANO,2022,579
PB,QUEIMADAS,2021,19
PR,SARANDI,2024,138
MG,IGARAPE,2022,88
PB,ITATUBA,2024,14
BA,SAO SEBASTIAO DO PASSE,2022,50
BA,TERRA NOVA,2023,8
RS,ALEGRETE,2021,110
RS,URUGUAIANA,2023,92
SC,PARAISO,2022,29
PR,ARAUCARIA,2024,284
RS,FAXINAL DO SOTURNO,2021,25
MG,IBIRITE,2021,329
RS,VERANOPOLIS,2023,89
RS,TUPANCIRETA,2023,25
MG,PADRE PARAISO,2021,19
MG,LIMA DUARTE,2022,29
RS,PINHAL,2021,6
SC,PALMA SOLA,2021,11
SP,SAO PAULO,2022,43050
MG,NOVA LIMA,2023,898
PR,ITAPERUCU,2022,16
MG,INHAPIM,2021,37
RS,CRUZ ALTA,2023,140
RS,URUGUAIANA,2022,142
PR,NOVA AURORA,2022,15
BA,POJUCA,2021,11
MG,ITAMBACURI,2021,33
SP,BARRA BONITA,2023,69
RS,SALTO DO JACUI,2022,12
PR,FLORAI,2022,8
RS,CORONEL BICACO,2022,16
MG,CAETE,2023,7
SP,RIO CLARO,2021,189
RS,CAXIAS DO SUL,2023,927
RJ,NILOPOLIS,2024,331
SP,VARGEM GRANDE PAULISTA,2022,100
SC,SOMBRIO,2023,112
PE,CACHOEIRINHA,2022,14
PB,SANTA HELENA,2021,23
PR,BALSA NOVA,2022,25
SP,PRADOPOLIS,2021,47
PR,TIJUCAS DO SUL,2023,7
PR,MUNHOZ DE MELO,2023,20
PB,PUXINANA,2021,10
AL,ATALAIA,2024,36
PR,ITAPERUCU,2021,10
PB,TAVARES,2022,25
SP,SAO BERNARDO DO CAMPO,2023,2132
MG,SAO JOAQUIM DE BICAS,2023,73
AM,IRANDUBA,2021,194
MG,ARANTINA,2021,4
MG,CAMPINA VERDE,2023,102
RS,SINIMBU,2022,3
RJ,JAPERI,2024,40
MG,ITAOBIM,2023,51
CE,POTIRETAMA,2023,3
PA,VIGIA,2024,145
MG,PAVAO,2021,15
AM,RIO PRETO DA EVA,2023,11
MG,PONTO DOS VOLANTES,2024,20
RS,NOVA SANTA RITA,2024,67
CE,JAGUARIBE,2024,126
MG,BRUMADINHO,2024,208
CE,TABULEIRO DO NORTE,2022,56
TO,ALVORADA,2024,23
RS,SANTA BARBARA DO SUL,2022,16
RJ,GUAPIMIRIM,2021,331
RS,ARROIO DOS RATOS,2021,40
PR,CAMPINA GRANDE DO SUL,2021,170
RS,CARLOS BARBOSA,2023,89
RS,FLORES DA CUNHA,2024,33
BA,SAUBARA,2022,26
MG,LADAINHA,2024,10
PA,COLARES,2022,3
RS,CANOAS,2022,2164
SP,FERRAZ DE VASCONCELOS,2024,333
SP,PRAIA GRANDE,2022,1142
RS,PALMITINHO,2024,11
MG,MALACACHETA,2022,29
SP,DUMONT,2024,49
SP,GETULINA,2024,25
MG,VARGEM ALEGRE,2023,6
RS,COXILHA,2022,22
MG,CARAI,2023,14
MG,CENTRAL DE MINAS,2021,7
RS,RONDA ALTA,2021,22
MG,GUARACIABA,2023,14
RJ,SAQUAREMA,2022,124
SP,ECHAPORA,2022,6
BA,BELMONTE,2022,24
PR,PINHAIS,2021,571
SP,MONTE ALTO,2022,110
RS,MARIANA PIMENTEL,2023,8
MG,IBIRITE,2024,21
MG,PIRACEMA,2021,15
AM,IRANDUBA,2022,30
MG,CONCEICAO DAS ALAGOAS,2024,17
ES,SANTA MARIA DE JETIBA,2024,191
RS,SAO FRANCISCO DE PAULA,2021,57
SP,RIO CLARO,2022,254
SP,MARILIA,2021,781
RJ,ITABORAI,2024,263
SC,PALMA SOLA,2023,5
RS,RIO PARDO,2021,132
SP,ALVARO DE CARVALHO,2023,4
RS,PALMITINHO,2021,14
SP,LUIS ANTONIO,2021,46
PB,ALAGOA GRANDE,2023,93
BA,JUSSIAPE,2024,44
RS,SINIMBU,2024,5
MG,ARAPORA,2021,55
SP,LUIS ANTONIO,2023,5
MG,SAO JOAO BATISTA DO GLORIA,2024,14
PB,LAGOA SECA,2022,9
SC,ANCHIETA,2022,4
BA,ABAIRA,2024,18
MG,ALPINOPOLIS,2021,39
RJ,CAMPOS DOS GOYTACAZES,2022,776
ES,LINHARES,2023,284
SP,BARUERI,2021,1935
MG,VESPASIANO,2021,669
MG,JUATUBA,2021,179
RS,SOLEDADE,2024,84
ES,MARECHAL FLORIANO,2022,73
PR,AGUDOS DO SUL,2023,24
MG,FREI GASPAR,2023,5
MG,SABARA,2022,404
RS,SAO SEPE,2023,12
RS,CATUIPE,2021,27
BA,TAPEROA,2021,19
SP,TABOAO DA SERRA,2024,672
SP,COTIA,2023,788
ES,MARECHAL FLORIANO,2024,30
PR,COLOMBO,2022,820
PB,SANTA LUZIA,2024,53
PA,SANTA BARBARA DO PARA,2023,33
PR,AGUDOS DO SUL,2022,19
PB,ALCANTIL,2023,4
SP,BELO HORIZONTE,2021,43
MG,IBIRACI,2024,31
PR,FLORESTA,2023,35
SC,GUARACIABA,2021,14
MG,CASSIA,2022,66
PR,RIO BRANCO DO SUL,2022,66
PB,REMIGIO,2021,18
RS,JABOTICABA,2024,20
SP,CAMPOS NOVOS PAULISTA,2024,7
RS,SANTO AUGUSTO,2023,21
SC,SAO JOAO DO OESTE,2021,12
RJ,RIO DE JANEIRO,2022,26263
SP,CAIEIRAS,2023,194
RJ,VOLTA REDONDA,2023,1012
MG,CANAPOLIS,2021,54
BA,RIO DO PIRES,2021,15
ES,GUACUI,2022,41
PE,CACHOEIRINHA,2021,13
TO,ALVORADA,2021,32
BA,RIO DO PIRES,2023,36
ES,SAO PAULO,2022,8
RS,JABOTICABA,2023,31
BA,MATA DE SAO JOAO,2021,105
MG,MANTENA,2024,61
CE,RUSSAS,2024,102
PR,FLORIDA,2022,87
RS,ELDORADO DO SUL,2023,88
TO,BELO HORIZONTE,2022,1
CE,ALTO SANTO,2024,26
BA,CATU,2021,47
PR,CERRO AZUL,2023,22
RS,CAPIVARI DO SUL,2023,8
BA,DOM BASILIO,2023,7
SP,FERRAZ DE VASCONCELOS,2022,406
BA,SANTO AMARO,2024,43
ES,ANCHIETA,2021,54
ES,SANTA MARIA DE JETIBA,2022,90
MG,IGARAPE,2021,416
RJ,PARACAMBI,2021,106
MG,CASSIA,2023,40
AL,ATALAIA,2021,29
SC,IPORA DO OESTE,2023,13
RS,LIBERATO SALZANO,2023,11
MG,SIMAO PEREIRA,2022,21
RS,PORTO ALEGRE,2022,9602
PB,QUEIMADAS,2024,58
MG,TEOFILO OTONI,2024,238
SP,LUIS ANTONIO,2022,6
RJ,SAO FRANCISCO DE ITABAPOANA,2021,39
SP,MONTE ALTO,2024,84
PB,TAPEROA,2021,21
MG,BOM JESUS DA PENHA,2023,15
RS,PINHAL GRANDE,2024,8
CE,QUIXERE,2021,27
SC,ABDON BATISTA,2022,61
MG,PASSA TEMPO,2021,19
PB,ASSUNCAO,2023,6
PE,TERRA NOVA,2023,6
GO,CUMARI,2022,5
RS,JULIO DE CASTILHOS,2022,40
MG,PIRACEMA,2023,61
ES,IBATIBA,2024,59
RS,CANDIOTA,2024,22
MG,RAPOSOS,2023,10
MG,ANDRELANDIA,2022,22
MG,SAO JOAO BATISTA DO GLORIA,2022,15
BA,SAUBARA,2024,11
CE,SAO JOAO DO JAGUARIBE,2022,13
ES,BOM JESUS DO NORTE,2022,10
SP,ITAPEVI,2021,555
RS,PASSO FUNDO,2021,1370
MA,SANTA HELENA,2021,189
MG,SAO JOAO DO MANTENINHA,2021,28
MG,PADRE PARAISO,2022,18
PB,AROEIRAS,2023,24
RJ,SAQUAREMA,2024,212
RS,RODEIO BONITO,2022,18
RS,PEJUCARA,2022,22
MG,NOVO ORIENTE DE MINAS,2024,10
RS,NOVA SANTA RITA,2023,54
PA,SANTO ANTONIO DO TAUA,2023,11
RS,CAMBARA DO SUL,2022,10
RS,ROSARIO DO SUL,2022,49
RS,SERTAO SANTANA,2024,6
ES,IUNA,2024,36
PB,LAGOA SECA,2024,45
ES,LINHARES,2022,483
RS,COTIPORA,2021,25
PB,POCINHOS,2021,15
ES,ITARANA,2023,27
RS,SINIMBU,2021,79
AM,MANAQUIRI,2023,5
PB,ALAGOA GRANDE,2021,21
SP,SERRA AZUL,2022,8
PB,GADO BRAVO,2023,7
MG,ITAU DE MINAS,2022,17
RJ,MENDES,2021,65
PB,TAVARES,2021,12
MG,UBERLANDIA,2023,2505
BA,ARACATU,2023,8
RS,NOVA SANTA RITA,2021,141
ES,JOAO NEIVA,2021,28
RS,MARIANA PIMENTEL,2022,16
MG,FLORESTAL,2022,21
CE,SANTO ANDRE,2021,3
ES,IBIRACU,2022,54
PA,VIGIA,2022,51
PR,CURITIBA,2021,9755
PA,MARITUBA,2022,181
MG,NANUQUE,2023,90
GO,CAMPO ALEGRE DE GOIAS,2023,8
PR,TURVO,2024,17
RN,SAO PAULO,2023,5
SP,VERA CRUZ,2021,35
RS,VICENTE DUTRA,2022,8
MG,GOIANA,2024,5
RS,AJURICABA,2022,14
AL,SAO PAULO,2021,9
BA,MALHADA DE PEDRAS,2024,28
MG,BONFIM,2023,24
RS,PICADA CAFE,2021,17
CE,JAGUARIBE,2021,108
BA,SIMOES FILHO,2022,184
PB,AROEIRAS,2024,52
ES,VENDA NOVA DO IMIGRANTE,2023,74
RS,ELDORADO DO SUL,2021,112
RS,FAGUNDES VARELA,2024,18
BA,VERA CRUZ,2024,76
MG,LIBERDADE,2023,27
SP,PIRAPORA DO BOM JESUS,2021,54
MG,CAPETINGA,2021,10
MG,SANTA BARBARA DO LESTE,2021,19
PR,ASTORGA,2021,17
ES,RIO BANANAL,2022,40
SP,GUARULHOS,2023,2684
PR,BOCAIUVA DO SUL,2023,33
MG,JUIZ DE FORA,2023,2745
PR,ARAUCARIA,2021,739
SP,ARUJA,2023,154
SC,ARARANGUA,2023,169
PR,MANDAGUACU,2023,61
AM,ITAPIRANGA,2021,14
SP,VERA CRUZ,2022,10
PB,PUXINANA,2022,13
MG,SERTAOZINHO,2021,16
ES,SOORETAMA,2024,61
PB,RIACHAO DO BACAMARTE,2021,5
MG,BURITIZEIRO,2021,24
MA,SANTA HELENA,2022,88
BA,MADRE DE DEUS,2021,31
MA,SANTO AMARO,2024,14
PR,PAICANDU,2022,96
ES,DIVINO DE SAO LOURENCO,2022,33
MG,CENTRALINA,2022,59
MA,SANTA HELENA,2024,23
RS,MATA,2021,11
SP,SANTO ANDRE,2021,3550
SP,MAUA,2022,943
AM,IRANDUBA,2024,30
PR,MARIALVA,2024,72
SP,CAJAMAR,2022,157
RS,AMETISTA DO SUL,2021,20
RS,RIO PARDO,2024,26
SP,PIRAPORA DO BOM JESUS,2022,59
PR,ATALAIA,2021,37
PR,CAMPO DO TENENTE,2021,17
PB,RIACHO DE SANTO ANTONIO,2023,12
MG,CONFINS,2022,54
GO,DAVINOPOLIS,2021,2
MG,SAO SEBASTIAO DO ANTA,2022,9
RS,CAMPOS BORGES,2021,125
SC,GUARUJA DO SUL,2022,7
PI,SAO JOSE DO DIVINO,2023,9
RS,PANTANO GRANDE,2024,4
SP,SAO PAULO,2024,46941
ES,IBATIBA,2021,39
MG,RAUL SOARES,2022,69
SC,SOMBRIO,2021,49
SP,SANTANA DE PARNAIBA,2022,903
CE,TABULEIRO DO NORTE,2021,104
ES,IUNA,2023,55
AL,SAO PAULO,2023,30
RS,FLORES DA CUNHA,2021,297
RS,FAGUNDES VARELA,2023,22
MG,CAPETINGA,2022,12
RJ,ENGENHEIRO PAULO DE FRONTIN,2023,26
PR,CAMPINA GRANDE DO SUL,2024,127
MG,GUAPE,2023,18
SP,GARCA,2023,239
MG,NOVA UNIAO,2023,22
SC,CATANDUVAS,2024,24
SP,JULIO MESQUITA,2022,3
SP,RIO GRANDE DA SERRA,2022,110
ES,CONCEICAO DO CASTELO,2021,10
SP,SANTA ISABEL,2023,66
SP,PRAIA GRANDE,2023,1077
RS,SANTO AUGUSTO,2021,48
RS,IBIRUBA,2021,67
MG,BETIM,2022,1778
MG,NANUQUE,2021,58
PA,VIGIA,2021,244
AM,CAREIRO DA VARZEA,2023,20
SC,SAO MIGUEL DO OESTE,2023,94
PR,AGUDOS DO SUL,2024,38
BA,ITAMBE,2024,24
AM,RIO PRETO DA EVA,2021,4
PA,CONCORDIA DO PARA,2024,18
SC,SAO JOAO DO SUL,2023,8
MG,SANTA BARBARA DO LESTE,2023,13
RS,NOVA SANTA RITA,2022,193
RS,JULIO DE CASTILHOS,2024,22
BA,CANDEIAS,2024,125
MG,IGARAPE,2024,108
RS,GUAPORE,2021,60
RJ,TANGUA,2024,11
PR,FLORESTA,2021,77
ES,SANTA MARIA DE JETIBA,2021,82
RS,NOVA BASSANO,2024,21
RS,DOM PEDRITO,2023,29
RS,VILA FLORES,2024,2
MG,CASCALHO RICO,2024,3
PR,MARINGA,2021,1930
RJ,CAMPOS DOS GOYTACAZES,2021,788
PA,ACARA,2021,45
ES,SOORETAMA,2023,58
SP,OSASCO,2023,2457
RJ,VOLTA REDONDA,2021,1203
MG,CANAPOLIS,2022,37
RJ,BELFORD ROXO,2024,217
RS,PANAMBI,2024,125
MG,RIO ACIMA,2021,90
PR,PIEN,2021,27
PE,ITAMBE,2023,63
GO,TRES RANCHOS,2021,8
PA,BELO HORIZONTE,2021,2
SP,SAO PAULO,2023,41888
SC,SAO MIGUEL DO OESTE,2024,145
PE,FLORESTA,2021,94
RS,NOVA PRATA,2021,138
RJ,SAO JOAO DA BARRA,2024,79
RJ,BARRA MANSA,2022,555
RS,ESPUMOSO,2021,101
MG,PRATA,2024,53
MG,MANTENA,2021,56
MG,SANTA FE DE MINAS,2021,5
RJ,RIO CLARO,2021,80
PB,CUBATI,2021,23
BA,PARAMIRIM,2022,45
SP,RIBEIRAO PIRES,2024,67
MG,MARIO CAMPOS,2022,33
MG,POTE,2023,12
MG,CLARAVAL,2024,14
MS,BOA VISTA,2022,2
PR,ADRIANOPOLIS,2023,6
BA,ITANAGRA,2023,2
PA,MARITUBA,2021,3
AL,SAO PAULO,2022,11
SP,SAO SIMAO,2022,7
PR,OURIZONA,2021,2
MG,LADAINHA,2021,5
ES,LARANJA DA TERRA,2022,5
PB,AREIAL,2021,3
ES,SANTA MARIA,2023,1
PR,PRESIDENTE CASTELO BRANCO,2024,4
MG,PASSA TEMPO,2023,4
MG,MOEDA,2024,1
MG,POMPEIA,2022,1
RS,NOVA PADUA,2021,3
RS,SERTAO,2024,6
RO,NOVA UNIAO,2024,6
RS,JOIA,2024,9
SC,BANDEIRANTE,2023,8
RS,GRAMADO XAVIER,2021,3
TO,BELO HORIZONTE,2023,1
PB,BARRA DE SANTANA,2023,8
SC,PRAIA GRANDE,2024,3
RS,CAMBARA DO SUL,2021,4
MG,SARZEDO,2024,9
RS,SAO VICENTE DO SUL,2022,12
RS,CONDOR,2022,10
SP,SAO SIMAO,2024,3
ES,SAO JOSE DO CALCADO,2022,4
SC,TUNAPOLIS,2023,12
PR,DOUTOR ULYSSES,2024,7
RN,VERA CRUZ,2023,13
RS,NOVO TIRADENTES,2023,14
PB,SAO PAULO,2021,10
ES,IBIRACU,2024,11
SC,ZORTEA,2023,6
RR,IRACEMA,2022,1
RS,IRAI,2024,1
BA,JUSSIAPE,2021,10
RS,MATA,2024,2
RS,IPE,2023,8
SC,BANDEIRANTE,2024,5
SC,JACINTO MACHADO,2022,8
PA,BUJARU,2022,5
PR,ITAMBE,2024,14
AM,CAREIRO,2023,6
RS,SERTAO,2023,3
RS,PEJUCARA,2021,6
RS,SAO VALENTIM DO SUL,2024,4
CE,JAGUARIBARA,2021,1
RS,PARAI,2024,10
AM,MANAQUIRI,2024,16
RS,SINIMBU,2023,6
MG,CONQUISTA,2022,8
MG,ARAPORA,2024,12
RS,NICOLAU VERGUEIRO,2024,2
RS,MANOEL VIANA,2023,12
RS,MATO CASTELHANO,2021,6
SP,LAPA,2022,2
SP,LUIS ANTONIO,2024,9
RS,CAICARA,2022,1
SC,BALNEARIO ARROIO DO SILVA,2024,19
MG,VISTA ALEGRE,2022,4
RS,QUARAI,2022,17
RS,AUGUSTO PESTANA,2022,2
SC,PARAISO,2023,8
AM,NITEROI,2021,6
ES,DORES DO RIO PRETO,2023,5
MG,CONQUISTA,2023,7
RS,SAO VALERIO DO SUL,2021,10
SC,SANTA CECILIA,2023,14
BA,ITANAGRA,2021,4
RS,QUARAI,2021,14
SP,QUINTANA,2024,1
PR,IGUARACU,2024,3
CE,SAO JOAO DO JAGUARIBE,2021,10
RS,TAVARES,2021,3
SP,GALIA,2024,10
ES,BOM JESUS DO NORTE,2023,2
RS,CORONEL BARROS,2023,4
PB,SAO GONCALO,2021,1
SC,JARDINOPOLIS,2024,4
SP,SANTA ERNESTINA,2022,3
ES,APIACA,2022,10
PB,SAO SEBASTIAO DE LAGOA DE ROCA,2023,4
SC,OURO,2021,5
RS,SELBACH,2021,1
PR,FLORAI,2023,6
RS,CARAA,2022,8
CE,IRACEMA,2021,1
RS,SANTO AUGUSTO,2024,8
SC,VARGEM BONITA,2022,3
GO,OUVIDOR,2022,17
RS,CAMPESTRE DA SERRA,2021,5
SP,CAJURU,2023,1
MG,OLARIA,2021,6
RS,SILVEIRA MARTINS,2022,10
MG,MOEDA,2022,4
RS,PINHAL GRANDE,2022,7
MG,IBIAI,2021,11
RS,SAO JOAO DO POLESINE,2023,6
PB,GURJAO,2024,11
RS,INHACORA,2022,3
MG,BELMIRO BRAGA,2023,3
SP,SAO SIMAO,2023,4
RS,MANOEL VIANA,2022,3
PB,TAPEROA,2023,6
TO,CACHOEIRINHA,2021,3
RS,PARAI,2022,12
SC,ZORTEA,2021,1
AM,RIO PRETO DA EVA,2024,9
MG,BOCAINA DE MINAS,2021,9
SC,ROMELANDIA,2022,3
BA,SANTA LUZIA,2022,2
SC,BANDEIRANTE,2022,2
ES,SAO JOSE DO CALCADO,2021,6
RS,MATA,2023,2
SC,SANTA CECILIA,2022,5
MG,PONTO CHIQUE,2024,7
RS,ALTO FELIZ,2023,13
PB,SERRA REDONDA,2022,11
MG,CORONEL PACHECO,2023,2
RS,CORONEL BICACO,2024,9
SC,TIMBE DO SUL,2022,14
RS,MATO LEITAO,2023,3
PB,BOA VISTA,2021,4
RS,NOVO TIRADENTES,2024,2
PA,MANAUS,2021,5
RN,SAO PAULO,2022,3
SC,ERMO,2021,2
RS,PEDRAS ALTAS,2023,3
PB,RIACHO DE SANTO ANTONIO,2021,1
PI,SAO JOSE DO DIVINO,2022,3
PB,INGA,2022,21
MG,OLARIA,2022,1
PB,TENORIO,2023,4
MG,MONTE FORMOSO,2023,2
MG,MENDES PIMENTEL,2023,9
PB,SAO JOAO DO CARIRI,2022,5
MG,MENDES PIMENTEL,2021,16
BA,DOM BASILIO,2021,7
PB,JUNCO DO SERIDO,2022,8
MG,OURO VERDE DE MINAS,2023,2
PR,UNIFLOR,2024,1
PB,PUXINANA,2023,2
MS,PONTAL,2021,8
BA,JUSSIAPE,2023,8
SC,ANCHIETA,2021,4
SP,GUAIMBE,2023,5
PR,FLORIDA,2024,3
AL,BELEM,2024,3
PB,MONTADAS,2024,7
PB,ALGODAO DE JANDAIRA,2024,8
RS,MONTAURI,2021,4
ES,SANTA LEOPOLDINA,2022,14
PB,CARAUBAS,2024,4
RS,BOA VISTA DO SUL,2021,2
MG,MESQUITA,2023,4
CE,SAO PAULO,2021,2
PB,SANTA HELENA,2023,4
PB,MONTADAS,2021,4
PB,MATINHAS,2024,2
SC,PRINCESA,2023,11
RS,DONA FRANCISCA,2021,4
SP,CAMPOS NOVOS PAULISTA,2023,7
PI,BELO HORIZONTE,2022,6
RS,SERTAO SANTANA,2021,9
PB,POCINHOS,2022,7
RS,SANTA BARBARA DO SUL,2021,17
MG,ARAPORA,2022,6
SC,PRINCESA,2022,18
MG,OURO VERDE DE MINAS,2022,3
RS,BARAO,2024,6
RS,FORMIGUEIRO,2021,6
MG,AGUA COMPRIDA,2024,1
RS,JOIA,2023,7
RS,VISTA ALEGRE,2024,4
ES,LARANJA DA TERRA,2023,4
GO,NOVA AURORA,2023,3
MG,NOVA PONTE,2021,14
ES,DORES DO RIO PRETO,2024,8
MG,INDIANOPOLIS,2021,8
SC,VARGEM BONITA,2024,4
BA,RIO DE CONTAS,2022,22
RS,SAO PAULO,2021,5
RS,SAO FRANCISCO DE ASSIS,2024,16
RS,JOIA,2022,1
TO,SALVADOR,2024,1
GO,CAMPO ALEGRE DE GOIAS,2022,6
AM,SAO PAULO,2022,3
PR,MANDIRITUBA,2022,22
PB,INGA,2024,13
RS,SELBACH,2022,16
SP,SANTO ANTONIO DA ALEGRIA,2021,2
MG,PONTO DOS VOLANTES,2023,7
RS,IPE,2024,2
AM,NOVA OLINDA DO NORTE,2022,4
MG,CHIADOR,2023,1
SC,DIONISIO CERQUEIRA,2021,11
MG,CLARAVAL,2021,5
SC,DESCANSO,2024,14
PB,CABACEIRAS,2021,4
MG,VARGEM BONITA,2024,12
SP,CAMPOS NOVOS PAULISTA,2022,7
RS,MANOEL VIANA,2024,6
RS,SAO MARTINHO DA SERRA,2021,10
RS,DONA FRANCISCA,2022,1
MG,PIEDADE DOS GERAIS,2022,13
SC,LUZERNA,2023,7
PB,BARRA DE SAO MIGUEL,2023,6
RS,COTIPORA,2022,7
RR,SAO PAULO,2021,1
SC,ITAPIRANGA,2023,24
RS,MONTAURI,2024,2
PR,SAO JORGE DO IVAI,2024,8
GO,CAMPO ALEGRE DE GOIAS,2021,9
PR,TUNAS DO PARANA,2024,5
MG,VERMELHO NOVO,2021,19
MG,CONQUISTA,2024,12
PB,BARRA DE SAO MIGUEL,2022,9
MG,SIMAO PEREIRA,2023,4
RS,ITAARA,2023,12
MG,PONTO CHIQUE,2023,8
MG,UBAPORANGA,2024,3
SC,SANTA CECILIA,2021,10
RR,ALTO ALEGRE,2024,7
RS,DONA FRANCISCA,2024,2
SC,ZORTEA,2022,20
MG,TAQUARACU DE MINAS,2022,3
SP,SANTA CRUZ DA ESPERANCA,2021,1
RS,MOSTARDAS,2021,10
AL,ATALAIA,2023,2
MG,EWBANK DA CAMARA,2024,2
SC,ERVAL VELHO,2021,2
PB,CAICARA,2021,1
RS,CRISTAL DO SUL,2024,10
MS,RIO NEGRO,2021,1
RS,QUINZE DE NOVEMBRO,2021,3
MG,VISTA ALEGRE,2023,7
RS,CANDIOTA,2023,8
PB,SANTA CECILIA,2022,2
SC,FLOR DO SERTAO,2023,4
MG,CATUJI,2023,7
MG,CENTRAL DE MINAS,2024,4
MG,FRANCISCOPOLIS,2024,1
MG,UBAPORANGA,2021,4
MG,MESQUITA,2021,2
RS,CARAA,2024,2
SC,SAO PAULO,2023,3
AM,CAREIRO DA VARZEA,2021,1
MG,NOVA MODICA,2022,2
PI,NOVA SANTA RITA,2024,1
RS,PEJUCARA,2024,8
SC,OURO,2022,3
SP,SANTO ANTONIO DA ALEGRIA,2022,1
SC,TUNAPOLIS,2024,3
SC,BARRA BONITA,2021,8
BA,SAO PAULO,2023,2
MT,SANTA HELENA,2021,1
MG,AGUA COMPRIDA,2021,4
PR,MUNHOZ DE MELO,2021,3
PI,LAGOA SECA,2022,4
BA,FLORESTA,2022,6
RS,LAGOA DOS TRES CANTOS,2022,5
PB,SANTO ANDRE,2024,6
SP,FERNAO,2021,5
SP,ORIENTE,2021,6
SC,PARAISO,2024,3
BA,CANAPOLIS,2023,4
RS,NOVA RAMADA,2022,4
SP,CACHOEIRINHA,2021,2
SP,GUAIMBE,2022,3
SC,TUNAPOLIS,2021,3
RS,QUINZE DE NOVEMBRO,2024,2
MG,SERRA AZUL,2022,8
PE,SAO PAULO,2022,3
MG,SANTA JULIANA,2023,4
MG,SERRA DOS AIMORES,2022,11
RS,PINHAL GRANDE,2023,2
SP,ALTO ALEGRE,2022,3
BA,SANTA LUZIA,2024,2
SP,FERNAO,2022,6
MG,CAMPANARIO,2022,2
PB,GURJAO,2021,2
GO,OUVIDOR,2024,2
RS,IRAI,2021,12
MG,SANTANA DO DESERTO,2022,3
RS,BOA VISTA DO SUL,2022,2
RS,SAO PAULO,2022,3
AM,CAREIRO DA VARZEA,2024,2
RS,VICTOR GRAEFF,2021,4
PR,IVATUBA,2021,1
RS,ACEGUA,2022,2
RS,JOIA,2021,1
CE,JAGUARIBARA,2023,3
ES,NOVA ESPERANCA,2024,3
RS,TAVARES,2022,2
MG,NOVA BELEM,2023,6
RS,VALE DO SOL,2022,3
MG,RIO PRETO,2023,3
RS,VALE REAL,2023,7
MG,LADAINHA,2022,4
RS,VICTOR GRAEFF,2022,1
PE,CANDEIAS,2024,2
MG,MESQUITA,2024,2
RS,NOVA PADUA,2022,4
MG,VERMELHO NOVO,2022,3
RJ,VARGEM ALEGRE,2021,2
RJ,VARGEM ALEGRE,2023,2
MG,OLIVEIRA FORTES,2022,3
RS,JABOTICABA,2021,2
SP,ALVINLANDIA,2023,2
PA,SAO CAETANO DE ODIVELAS,2023,3
RS,NICOLAU VERGUEIRO,2023,7
RN,MORADA NOVA,2021,2
SC,JABORA,2021,9
SP,QUINTANA,2021,1
PR,TUNAS DO PARANA,2021,1
MA,SANTO AMARO,2023,2
MG,OURO VERDE DE MINAS,2021,1
CE,LAPA,2024,1
ES,DIVINO DE SAO LOURENCO,2024,7
MG,BOA VISTA,2024,4
RS,BOA VISTA,2021,4
ES,CONCEICAO DO CASTELO,2024,5
PB,ALGODAO DE JANDAIRA,2021,1
SC,NITEROI,2024,2
RS,IRAI,2023,6
PR,BALSA NOVA,2023,1
PR,ADRIANOPOLIS,2022,6
PA,SAO CAETANO DE ODIVELAS,2024,3
PI,SAO PAULO,2022,4
PB,SAO SEBASTIAO DE LAGOA DE ROCA,2024,4
SC,SAO JOAO DO SUL,2021,3
SC,ALVORADA,2024,2
MG,POTE,2022,12
MG,CORREGO NOVO,2023,4
MG,BIAS FORTES,2021,5
SP,CAJURU,2024,4
PI,BELO HORIZONTE,2023,3
RS,CORONEL BARROS,2022,2
RS,ANDRE DA ROCHA,2022,3
BA,CATURAMA,2022,5
PB,RIACHAO DO BACAMARTE,2023,4
PB,PUXINANA,2024,1
RS,NOVO TIRADENTES,2021,2
PR,ATALAIA,2023,3
SC,ABDON BATISTA,2021,3
PR,SAO JORGE DO IVAI,2021,2
PR,SERTAOZINHO,2022,3
RS,CRISTAL DO SUL,2023,1
PB,MONTADAS,2023,1
PI,SAO PAULO,2021,2
GO,ANHANGUERA,2024,1
PR,PRESIDENTE CASTELO BRANCO,2021,5
MG,GOIANA,2023,1
RS,IPE,2021,3
GO,NOVA AURORA,2022,5
RS,TOROPI,2024,2
PA,BOA VISTA,2022,2
MG,DELTA,2024,3
SC,ANCHIETA,2023,1
MG,CORREGO NOVO,2021,1
RS,GUABIJU,2023,2
RJ,SANTA LUZIA,2023,1
PR,IGUARACU,2021,2
SP,ALVINLANDIA,2024,1
RS,QUEVEDOS,2023,3
GO,SAO JORGE,2024,1
RS,QUINZE DE NOVEMBRO,2023,5
PB,JUNCO DO SERIDO,2024,1
SP,ANHANGUERA,2023,1
MG,BIAS FORTES,2022,1
RS,SAO VALENTIM DO SUL,2022,3
RS,SAO VALENTIM DO SUL,2023,7
RS,DOIS LAJEADOS,2022,3
RS,VISTA ALEGRE DO PRATA,2021,1
MG,SANTA FE DE MINAS,2024,4
RS,NICOLAU VERGUEIRO,2022,1
RJ,BELEM,2021,2
SP,SANTA ERNESTINA,2024,4
PE,SANTA MARIA,2021,2
MG,MONTE FORMOSO,2024,1
GO,ANHANGUERA,2022,3
MG,SANTA RITA DE MINAS,2024,6
SC,ROMELANDIA,2023,3
PB,SAO DOMINGOS DO CARIRI,2021,1
RS,SAO JOAO DO POLESINE,2024,8
RR,BONFIM,2021,3
MG,SERRA DOS AIMORES,2023,4
AM,NOVA OLINDA DO NORTE,2023,5
MG,SANTA FE DE MINAS,2023,4
SC,IBICARE,2022,1
PB,CARAUBAS,2022,4
GO,CUMARI,2023,2
PR,ANGULO,2021,3
PR,ITAPERUCU,2024,1
SP,ALVARO DE CARVALHO,2024,1
SP,PARAISO,2024,1
SP,ALTINOPOLIS,2024,2
SC,SALVADOR,2022,2
MG,FREI GASPAR,2021,4
RS,ACEGUA,2023,3
MG,PAIVA,2022,2
CE,JAGUARETAMA,2023,4
MG,GOIANA,2021,3
CE,SAO PAULO,2022,2
RS,BARAO DO TRIUNFO,2021,1
RS,ALMIRANTE TAMANDARE,2021,3
RS,ERNESTINA,2024,1
PR,PITANGUEIRAS,2021,3
MA,ALTO ALEGRE,2022,1
TO,CACHOEIRINHA,2022,1
RS,PEDRAS ALTAS,2021,1
SC,IBICARE,2021,1
MA,MATA,2021,2
RN,CAICARA,2021,1
GO,CAICARA,2022,3
SC,OURO,2023,3
SP,GUATAPARA,2022,1
SC,SAO JOAO DO SUL,2024,1
RS,ACEGUA,2021,3
MG,OLARIA,2023,1
RS,MONTE BELO DO SUL,2021,1
PB,SAO JOAO DO CARIRI,2021,2
SP,OCAUCU,2021,1
PB,PRATA,2022,2
PA,COLARES,2024,2
MG,MENDES PIMENTEL,2022,3
SC,SAO PAULO,2024,2
RS,FORTALEZA DOS VALOS,2024,3
RS,GRAMADO XAVIER,2023,2
MG,PESCADOR,2024,1
MG,NOVA BELEM,2024,1
AL,BELEM,2021,5
MG,PONTO CHIQUE,2022,6
GO,OUVIDOR,2021,1
GO,SANTA ISABEL,2022,1
MG,FORTALEZA DE MINAS,2024,2
RS,BARRA DO QUARAI,2023,1
MG,ALVARENGA,2023,3
PE,TERRA NOVA,2024,1
MG,NOVA UNIAO,2022,2
RS,MONTE BELO DO SUL,2023,1
MG,CATUJI,2022,1
MA,BELEM,2023,1
RS,GLORINHA,2023,1
SP,SANTA ERNESTINA,2023,1
SP,ANHANGUERA,2022,1
SC,DESCANSO,2021,1
RS,DOIS LAJEADOS,2024,1
PE,CANDEIAS,2022,4
SP,ALTO ALEGRE,2021,2
RJ,PARAISO,2022,1
PB,BOA VISTA,2023,2
CE,ERERE,2021,1
RS,FAGUNDES VARELA,2021,2
RO,SANTA LUZIA,2021,1
RS,CAICARA,2021,4
PR,TUNAS DO PARANA,2022,2
PB,BARRA DE SANTANA,2022,2
RS,JARI,2023,1
PB,POCINHOS,2024,1
CE,ALVORADA,2022,1
ES,DIVINO DE SAO LOURENCO,2021,1
MA,MATA,2022,1
RS,MATO CASTELHANO,2022,1
PR,ANGULO,2022,1
